g000001_RSVAB_ABY_1_A1,No Amp,Clean,
g000001_FluAB_FAM_1_A1,No Amp,Problem-light,Baseline Issue
g000001_C19_VIC_1_A1,No Amp,Clean,
g000001_RSVAB_ABY_2_A2,No Amp,Clean,
g000001_C19_VIC_2_A2,No Amp,Clean,
g000001_C19_VIC_3_A3,No Amp,Clean,
g000001_C19_VIC_4_A4,No Amp,Clean,
g000001_C19_VIC_5_A5,No Amp,Clean,
g000001_C19_VIC_6_A6,No Amp,Clean,
g000001_C19_VIC_7_A7,No Amp,Clean,
g000001_FluAB_FAM_8_A8,No Amp,Clean,
g000001_C19_VIC_8_A8,No Amp,Clean,
g000001_C19_VIC_9_A9,No Amp,Clean,
g000001_FluAB_FAM_10_A10,No Amp,Clean,
g000001_C19_VIC_10_A10,No Amp,Clean,
g000001_RSVAB_ABY_13_B1,No Amp,Clean,
g000001_C19_VIC_13_B1,No Amp,Clean,
g000001_C19_VIC_14_B2,No Amp,Clean,
g000001_C19_VIC_15_B3,No Amp,Clean,
g000001_C19_VIC_16_B4,No Amp,Clean,
g000001_C19_VIC_18_B6,No Amp,Clean,
g000001_C19_VIC_19_B7,No Amp,Clean,
g000001_C19_VIC_20_B8,No Amp,Clean,
g000001_C19_VIC_21_B9,No Amp,Clean,
g000001_C19_VIC_22_B10,No Amp,Clean,
g000001_RSVAB_ABY_25_C1,No Amp,Clean,
g000001_C19_VIC_25_C1,No Amp,Clean,
g000001_FluAB_FAM_26_C2,No Amp,Clean,
g000001_C19_VIC_26_C2,No Amp,Clean,
g000001_FluAB_FAM_27_C3,No Amp,Problem-light,Baseline Issue
g000001_FluAB_FAM_28_C4,No Amp,Clean,
g000001_C19_VIC_28_C4,No Amp,Clean,
g000001_FluAB_FAM_29_C5,No Amp,Clean,
g000001_C19_VIC_29_C5,No Amp,Clean,
g000001_RSVAB_ABY_30_C6,No Amp,Clean,
g000001_FluAB_FAM_30_C6,No Amp,Problem-light,Baseline Issue
g000001_C19_VIC_30_C6,No Amp,Clean,
g000001_C19_VIC_31_C7,No Amp,Clean,
g000001_C19_VIC_33_C9,No Amp,Clean,
g000001_C19_VIC_34_C10,No Amp,Clean,
g000001_C19_VIC_37_D1,No Amp,Clean,
g000001_FluAB_FAM_38_D2,No Amp,Clean,
g000001_C19_VIC_38_D2,No Amp,Clean,
g000001_RSVAB_ABY_39_D3,No Amp,Clean,
g000001_C19_VIC_39_D3,No Amp,Clean,
g000001_FluAB_FAM_40_D4,No Amp,Clean,
g000001_C19_VIC_40_D4,No Amp,Clean,
g000001_C19_VIC_41_D5,No Amp,Clean,
g000001_C19_VIC_42_D6,No Amp,Clean,
g000001_C19_VIC_43_D7,No Amp,Clean,
g000001_FluAB_FAM_44_D8,No Amp,Clean,
g000001_C19_VIC_44_D8,No Amp,Clean,
g000001_C19_VIC_45_D9,No Amp,Clean,
g000001_C19_VIC_46_D10,No Amp,Clean,
g000001_FluAB_FAM_49_E1,No Amp,Problem-light,Baseline Issue
g000001_C19_VIC_49_E1,No Amp,Clean,
g000001_FluAB_FAM_50_E2,No Amp,Problem-light,Baseline Issue
g000001_C19_VIC_50_E2,No Amp,Clean,
g000001_FluAB_FAM_51_E3,No Amp,Clean,
g000001_FluAB_FAM_53_E5,No Amp,Problem-light,Baseline Issue
g000001_C19_VIC_54_E6,No Amp,Clean,
g000001_C19_VIC_55_E7,No Amp,Clean,
g000001_FluAB_FAM_56_E8,No Amp,Clean,
g000001_C19_VIC_56_E8,No Amp,Clean,
g000001_C19_VIC_57_E9,No Amp,Clean,
g000001_FluAB_FAM_58_E10,No Amp,Clean,
g000001_C19_VIC_58_E10,No Amp,Clean,
g000001_C19_VIC_62_F2,No Amp,Clean,
g000001_FluAB_FAM_63_F3,No Amp,Problem-light,Baseline Issue
g000001_C19_VIC_64_F4,No Amp,Clean,
g000001_FluAB_FAM_65_F5,No Amp,Clean,
g000001_C19_VIC_65_F5,No Amp,Clean,
g000001_C19_VIC_66_F6,No Amp,Clean,
g000001_FluAB_FAM_67_F7,No Amp,Clean,
g000001_C19_VIC_67_F7,No Amp,Clean,
g000001_FluAB_FAM_68_F8,No Amp,Clean,
g000001_FluAB_FAM_69_F9,No Amp,Clean,
g000001_C19_VIC_69_F9,No Amp,Clean,
g000001_FluAB_FAM_70_F10,No Amp,Clean,
g000001_C19_VIC_70_F10,No Amp,Clean,
g000001_FluAB_FAM_73_G1,No Amp,Problem-light,Baseline Issue
g000001_C19_VIC_73_G1,No Amp,Clean,
g000001_FluAB_FAM_74_G2,No Amp,Clean,
g000001_C19_VIC_74_G2,No Amp,Clean,
g000001_C19_VIC_75_G3,No Amp,Clean,
g000001_FluAB_FAM_85_H1,No Amp,Clean,
g000001_C19_VIC_85_H1,No Amp,Clean,
g000001_MS2_JUN_96_H12,No Amp,Clean,
g000002_RSVAB_ABY_1_A1,No Amp,Clean,
g000002_FluAB_FAM_1_A1,No Amp,Clean,
g000002_RSVAB_ABY_17_A17,No Amp,Clean,
g000002_C19_VIC_17_A17,No Amp,Clean,
g000002_C19_VIC_19_A19,No Amp,Clean,
g000002_RSVAB_ABY_33_B9,No Amp,Clean,
g000002_C19_VIC_33_B9,No Amp,Clean,
g000002_C19_VIC_35_B11,No Amp,Clean,
g000002_C19_VIC_79_D7,No Amp,Clean,
g000002_C19_VIC_85_D13,No Amp,Clean,
g000002_C19_VIC_87_D15,No Amp,Clean,
g000002_C19_VIC_101_E5,No Amp,Clean,
g000002_C19_VIC_109_E13,No Amp,Clean,
g000002_C19_VIC_111_E15,No Amp,Clean,
g000002_C19_VIC_113_E17,No Amp,Clean,
g000002_C19_VIC_115_E19,No Amp,Clean,
g000002_RSVAB_ABY_145_G1,No Amp,Clean,
g000002_FluAB_FAM_145_G1,No Amp,Clean,
g000002_C19_VIC_145_G1,No Amp,Clean,
g000002_RSVAB_ABY_151_G7,No Amp,Clean,
g000002_C19_VIC_153_G9,No Amp,Clean,
g000002_RSVAB_ABY_155_G11,No Amp,Clean,
g000002_RSVAB_ABY_163_G19,No Amp,Clean,
g000002_FluAB_FAM_163_G19,No Amp,Clean,
g000002_C19_VIC_185_H17,No Amp,Clean,
g000002_MS2_JUN_384_P24,No Amp,Problem-light,Bubble
g000003_FluAB_FAM_1_A1,No Amp,Problem-light,Baseline Issue
g000003_FluAB_FAM_2_A2,No Amp,Problem-light,Baseline Issue
g000003_FluAB_FAM_3_A3,No Amp,Problem-light,Baseline Issue
g000003_FluAB_FAM_4_A4,No Amp,Clean,
g000003_FluAB_FAM_5_A5,No Amp,Problem-light,Baseline Issue
g000003_RSVAB_ABY_6_A6,No Amp,Clean,
g000003_FluAB_FAM_6_A6,No Amp,Clean,
g000003_FluAB_FAM_7_A7,No Amp,Clean,
g000003_FluAB_FAM_10_A10,No Amp,Problem-light,Baseline Issue
g000003_RSVAB_ABY_13_B1,No Amp,Problem-light,Baseline Issue
g000003_FluAB_FAM_13_B1,No Amp,Problem-light,Baseline Issue
g000003_RSVAB_ABY_14_B2,No Amp,Clean,
g000003_FluAB_FAM_14_B2,No Amp,Clean,
g000003_FluAB_FAM_15_B3,No Amp,Problem-light,Baseline Issue
g000003_FluAB_FAM_16_B4,No Amp,Problem-light,Baseline Issue
g000003_FluAB_FAM_17_B5,No Amp,Problem-light,Baseline Issue
g000003_FluAB_FAM_18_B6,No Amp,Problem-light,Baseline Issue
g000003_FluAB_FAM_19_B7,No Amp,Problem-light,Baseline Issue
g000003_FluAB_FAM_20_B8,No Amp,Problem-light,Baseline Issue
g000003_FluAB_FAM_21_B9,No Amp,Problem-light,Baseline Issue
g000003_FluAB_FAM_22_B10,No Amp,Problem-light,Baseline Issue
g000003_FluAB_FAM_25_C1,No Amp,Problem-light,Baseline Issue
g000003_FluAB_FAM_26_C2,No Amp,Problem-light,Baseline Issue
g000003_FluAB_FAM_27_C3,No Amp,Problem-light,Baseline Issue
g000003_FluAB_FAM_28_C4,No Amp,Problem-light,Baseline Issue
g000003_FluAB_FAM_29_C5,No Amp,Problem-light,Baseline Issue
g000003_FluAB_FAM_30_C6,No Amp,Problem-light,Baseline Issue
g000003_FluAB_FAM_31_C7,No Amp,Problem-light,Baseline Issue
g000003_FluAB_FAM_32_C8,No Amp,Clean,
g000003_FluAB_FAM_33_C9,No Amp,Problem-light,Baseline Issue
g000003_FluAB_FAM_34_C10,No Amp,Problem-light,Baseline Issue
g000003_FluAB_FAM_37_D1,No Amp,Problem-light,Baseline Issue
g000003_FluAB_FAM_38_D2,No Amp,Problem-light,Baseline Issue
g000003_FluAB_FAM_39_D3,No Amp,Problem-light,Baseline Issue
g000003_C19_VIC_39_D3,No Amp,Clean,
g000003_FluAB_FAM_40_D4,No Amp,Problem-light,Baseline Issue
g000003_FluAB_FAM_41_D5,No Amp,Problem-light,Baseline Issue
g000003_FluAB_FAM_42_D6,No Amp,Clean,
g000003_FluAB_FAM_43_D7,No Amp,Problem-light,Baseline Issue
g000003_FluAB_FAM_44_D8,No Amp,Clean,
g000003_FluAB_FAM_45_D9,No Amp,Problem-light,Baseline Issue
g000003_C19_VIC_45_D9,No Amp,Clean,
g000003_FluAB_FAM_46_D10,No Amp,Problem-light,Baseline Issue
g000003_FluAB_FAM_50_E2,No Amp,Problem-light,Baseline Issue
g000003_FluAB_FAM_51_E3,No Amp,Problem-light,Baseline Issue
g000003_FluAB_FAM_52_E4,No Amp,Problem-light,Baseline Issue
g000003_C19_VIC_52_E4,No Amp,Clean,
g000003_FluAB_FAM_53_E5,No Amp,Problem-light,Baseline Issue
g000003_FluAB_FAM_54_E6,No Amp,Problem-light,Baseline Issue
g000003_FluAB_FAM_55_E7,No Amp,Problem-light,Baseline Issue
g000003_FluAB_FAM_56_E8,No Amp,Problem-light,Baseline Issue
g000003_FluAB_FAM_57_E9,No Amp,Problem-light,Baseline Issue
g000003_FluAB_FAM_58_E10,No Amp,Problem-light,Baseline Issue
g000003_FluAB_FAM_61_F1,No Amp,Clean,
g000003_FluAB_FAM_63_F3,No Amp,Problem-light,Baseline Issue
g000003_FluAB_FAM_64_F4,No Amp,Problem-light,Baseline Issue
g000003_FluAB_FAM_65_F5,No Amp,Problem-light,Baseline Issue
g000003_FluAB_FAM_66_F6,No Amp,Problem-light,Baseline Issue
g000003_FluAB_FAM_67_F7,No Amp,Problem-light,Baseline Issue
g000003_FluAB_FAM_68_F8,No Amp,Problem-light,Baseline Issue
g000003_C19_VIC_68_F8,No Amp,Clean,
g000003_FluAB_FAM_69_F9,No Amp,Problem-light,Baseline Issue
g000003_C19_VIC_69_F9,No Amp,Clean,
g000003_C19_VIC_73_G1,No Amp,Clean,
g000003_FluAB_FAM_74_G2,No Amp,Problem-light,Baseline Issue
g000003_C19_VIC_74_G2,No Amp,Clean,
g000003_FluAB_FAM_75_G3,No Amp,Problem-light,Baseline Issue
g000003_C19_VIC_75_G3,No Amp,Clean,
g000003_FluAB_FAM_85_H1,No Amp,Clean,
g000003_MS2_JUN_96_H12,No Amp,Clean,
g000004_FluAB_FAM_1_A1,No Amp,Clean,
g000004_RSVAB_ABY_3_A3,No Amp,Clean,
g000004_FluAB_FAM_3_A3,No Amp,Clean,
g000004_FluAB_FAM_5_A5,No Amp,Clean,
g000004_FluAB_FAM_9_A9,No Amp,Clean,
g000004_RSVAB_ABY_13_A13,No Amp,Clean,
g000004_FluAB_FAM_15_A15,No Amp,Clean,
g000004_FluAB_FAM_33_B9,No Amp,Clean,
g000004_FluAB_FAM_35_B11,No Amp,Clean,
g000004_FluAB_FAM_39_B15,No Amp,Clean,
g000004_FluAB_FAM_87_D15,No Amp,Clean,
g000004_FluAB_FAM_113_E17,No Amp,Clean,
g000004_FluAB_FAM_149_G5,No Amp,Clean,
g000004_C19_VIC_151_G7,No Amp,Clean,
g000004_C19_VIC_159_G15,No Amp,Clean,
g000004_C19_VIC_161_G17,No Amp,Clean,
g000004_FluAB_FAM_173_H5,No Amp,Clean,
g000004_C19_VIC_173_H5,No Amp,Clean,
g000004_C19_VIC_175_H7,No Amp,Clean,
g000004_C19_VIC_181_H13,No Amp,Clean,
g000004_C19_VIC_183_H15,No Amp,Clean,
g000004_C19_VIC_185_H17,No Amp,Clean,
g000004_C19_VIC_187_H19,No Amp,Clean,
g000004_C19_VIC_219_J3,No Amp,Clean,
g000004_C19_VIC_221_J5,No Amp,Clean,
g000004_RSVAB_ABY_361_P1,No Amp,Clean,
g000004_MS2_JUN_384_P24,No Amp,Clean,
g000005_FluAB_FAM_1_A1,No Amp,Problem-light,Baseline Issue
g000005_C19_VIC_1_A1,No Amp,Clean,
g000005_FluAB_FAM_2_A2,No Amp,Problem-light,Baseline Issue
g000005_C19_VIC_2_A2,No Amp,Clean,
g000005_FluAB_FAM_3_A3,No Amp,Problem-light,Baseline Issue
g000005_FluAB_FAM_4_A4,No Amp,Problem-light,Bubble
g000005_C19_VIC_4_A4,No Amp,Problem-light,Bubble
g000005_FluAB_FAM_5_A5,No Amp,Clean,
g000005_C19_VIC_5_A5,No Amp,Clean,
g000005_FluAB_FAM_7_A7,No Amp,Clean,
g000005_FluAB_FAM_8_A8,No Amp,Problem-light,Baseline Issue
g000005_FluAB_FAM_9_A9,No Amp,Problem-light,Noisy Baseline
g000005_C19_VIC_9_A9,No Amp,Problem-light,Noisy Baseline
g000005_C19_VIC_10_A10,No Amp,Clean,
g000005_C19_VIC_13_B1,No Amp,Clean,
g000005_FluAB_FAM_15_B3,No Amp,Clean,
g000005_FluAB_FAM_16_B4,No Amp,Clean,
g000005_C19_VIC_16_B4,No Amp,Clean,
g000005_FluAB_FAM_17_B5,No Amp,Problem-light,Baseline Issue
g000005_C19_VIC_17_B5,No Amp,Clean,
g000005_FluAB_FAM_18_B6,No Amp,Problem-light,Baseline Issue
g000005_FluAB_FAM_19_B7,No Amp,Problem-light,Baseline Issue
g000005_C19_VIC_19_B7,No Amp,Clean,
g000005_FluAB_FAM_20_B8,No Amp,Problem-light,Baseline Issue
g000005_FluAB_FAM_21_B9,No Amp,Problem-light,Baseline Issue
g000005_FluAB_FAM_22_B10,No Amp,Problem-light,Baseline Issue
g000005_MS2_JUN_22_B10,No Amp,Clean,
g000005_FluAB_FAM_25_C1,No Amp,Clean,
g000005_C19_VIC_25_C1,No Amp,Clean,
g000005_RSVAB_ABY_26_C2,No Amp,Clean,
g000005_FluAB_FAM_26_C2,No Amp,Problem-light,Baseline Issue
g000005_C19_VIC_27_C3,No Amp,Clean,
g000005_FluAB_FAM_28_C4,No Amp,Problem-light,Baseline Issue
g000005_FluAB_FAM_29_C5,No Amp,Problem-light,Baseline Issue
g000005_FluAB_FAM_30_C6,No Amp,Problem-light,Baseline Issue
g000005_FluAB_FAM_31_C7,No Amp,Problem-light,Baseline Issue
g000005_FluAB_FAM_32_C8,No Amp,Clean,
g000005_C19_VIC_32_C8,No Amp,Clean,
g000005_FluAB_FAM_33_C9,No Amp,Problem-light,Baseline Issue
g000005_C19_VIC_33_C9,No Amp,Clean,
g000005_FluAB_FAM_34_C10,No Amp,Problem-light,Baseline Issue
g000005_C19_VIC_37_D1,No Amp,Clean,
g000005_FluAB_FAM_38_D2,No Amp,Clean,
g000005_C19_VIC_38_D2,No Amp,Clean,
g000005_FluAB_FAM_40_D4,No Amp,Clean,
g000005_FluAB_FAM_41_D5,No Amp,Problem-light,Baseline Issue
g000005_C19_VIC_41_D5,No Amp,Clean,
g000005_FluAB_FAM_42_D6,No Amp,Clean,
g000005_C19_VIC_42_D6,No Amp,Clean,
g000005_C19_VIC_43_D7,No Amp,Clean,
g000005_FluAB_FAM_44_D8,No Amp,Clean,
g000005_C19_VIC_44_D8,No Amp,Clean,
g000005_FluAB_FAM_45_D9,No Amp,Problem-light,Baseline Issue
g000005_C19_VIC_45_D9,No Amp,Clean,
g000005_FluAB_FAM_46_D10,No Amp,Problem-light,Baseline Issue
g000005_C19_VIC_46_D10,No Amp,Clean,
g000005_C19_VIC_49_E1,No Amp,Clean,
g000005_FluAB_FAM_50_E2,No Amp,Problem-light,Baseline Issue
g000005_FluAB_FAM_51_E3,No Amp,Clean,
g000005_FluAB_FAM_52_E4,No Amp,Problem-light,Baseline Issue
g000005_C19_VIC_52_E4,No Amp,Clean,
g000005_FluAB_FAM_53_E5,No Amp,Clean,
g000005_FluAB_FAM_54_E6,No Amp,Clean,
g000005_FluAB_FAM_55_E7,No Amp,Clean,
g000005_C19_VIC_55_E7,No Amp,Clean,
g000005_FluAB_FAM_56_E8,No Amp,Clean,
g000005_C19_VIC_56_E8,No Amp,Clean,
g000005_FluAB_FAM_57_E9,No Amp,Problem-light,Baseline Issue
g000005_C19_VIC_57_E9,No Amp,Clean,
g000005_FluAB_FAM_58_E10,No Amp,Problem-light,Baseline Issue
g000005_C19_VIC_58_E10,No Amp,Clean,
g000005_C19_VIC_61_F1,No Amp,Clean,
g000005_FluAB_FAM_64_F4,No Amp,Problem-light,Baseline Issue
g000005_FluAB_FAM_65_F5,No Amp,Problem-light,Baseline Issue
g000005_FluAB_FAM_66_F6,No Amp,Clean,
g000005_FluAB_FAM_67_F7,No Amp,Problem-light,Baseline Issue
g000005_C19_VIC_67_F7,No Amp,Clean,
g000005_FluAB_FAM_68_F8,No Amp,Problem-light,Baseline Issue
g000005_C19_VIC_68_F8,No Amp,Clean,
g000005_C19_VIC_69_F9,No Amp,Clean,
g000005_FluAB_FAM_70_F10,No Amp,Problem-light,Baseline Issue
g000005_RSVAB_ABY_73_G1,No Amp,Clean,
g000005_FluAB_FAM_73_G1,No Amp,Problem-light,Baseline Issue
g000005_FluAB_FAM_74_G2,No Amp,Problem-light,Baseline Issue
g000005_FluAB_FAM_75_G3,No Amp,Problem-light,Baseline Issue
g000005_RSVAB_ABY_85_H1,No Amp,Clean,
g000005_FluAB_FAM_85_H1,No Amp,Clean,
g000006_RSVAB_ABY_1_A1,No Amp,Clean,
g000006_FluAB_FAM_1_A1,No Amp,Problem-light,System Issue
g000006_C19_VIC_1_A1,No Amp,Problem-light,System Issue
g000006_C19_VIC_83_D11,No Amp,Problem-light,System Issue
g000006_RSVAB_ABY_97_E1,No Amp,Clean,
g000006_MS2_JUN_384_P24,No Amp,Problem-light,Baseline Issue
g000007_FluAB_FAM_1_A1,No Amp,Problem-light,Baseline Issue
g000007_C19_VIC_2_A2,No Amp,Problem-light,Bubble
g000007_C19_VIC_3_A3,No Amp,Clean,
g000007_C19_VIC_4_A4,No Amp,Clean,
g000007_C19_VIC_5_A5,No Amp,Clean,
g000007_FluAB_FAM_6_A6,No Amp,Problem-light,Bubble
g000007_C19_VIC_6_A6,No Amp,Problem-light,Bubble
g000007_RSVAB_ABY_7_A7,No Amp,Clean,
g000007_C19_VIC_7_A7,No Amp,Clean,
g000007_FluAB_FAM_8_A8,No Amp,Problem-light,Baseline Issue
g000007_FluAB_FAM_9_A9,No Amp,Problem-light,Baseline Issue
g000007_FluAB_FAM_10_A10,No Amp,Problem-light,Baseline Issue
g000007_C19_VIC_10_A10,No Amp,Clean,
g000007_FluAB_FAM_13_B1,No Amp,Problem-light,Baseline Issue
g000007_C19_VIC_14_B2,No Amp,Clean,
g000007_C19_VIC_16_B4,No Amp,Clean,
g000007_C19_VIC_17_B5,No Amp,Problem-light,Bubble
g000007_FluAB_FAM_20_B8,No Amp,Problem-light,Bubble
g000007_C19_VIC_20_B8,No Amp,Problem-light,Bubble
g000007_FluAB_FAM_21_B9,No Amp,Problem-light,Bubble
g000007_FluAB_FAM_25_C1,No Amp,Problem-light,Baseline Issue
g000007_C19_VIC_25_C1,No Amp,Clean,
g000007_C19_VIC_27_C3,No Amp,Clean,
g000007_FluAB_FAM_28_C4,No Amp,Problem-light,Baseline Issue
g000007_RSVAB_ABY_29_C5,No Amp,Clean,
g000007_FluAB_FAM_29_C5,No Amp,Problem-light,Baseline Issue
g000007_C19_VIC_29_C5,No Amp,Clean,
g000007_FluAB_FAM_30_C6,No Amp,Problem-light,Baseline Issue
g000007_FluAB_FAM_31_C7,No Amp,Problem-light,Baseline Issue
g000007_C19_VIC_32_C8,No Amp,Clean,
g000007_FluAB_FAM_33_C9,No Amp,Problem-light,Baseline Issue
g000007_RSVAB_ABY_34_C10,No Amp,Clean,
g000007_FluAB_FAM_34_C10,No Amp,Problem-light,Baseline Issue
g000007_C19_VIC_34_C10,No Amp,Clean,
g000007_FluAB_FAM_37_D1,No Amp,Problem-light,Baseline Issue
g000007_FluAB_FAM_41_D5,No Amp,Problem-light,Baseline Issue
g000007_C19_VIC_41_D5,No Amp,Clean,
g000007_FluAB_FAM_44_D8,No Amp,Problem-light,Baseline Issue
g000007_C19_VIC_44_D8,No Amp,Clean,
g000007_C19_VIC_45_D9,No Amp,Clean,
g000007_RSVAB_ABY_46_D10,No Amp,Problem-light,Bubble
g000007_FluAB_FAM_46_D10,No Amp,Problem-light,Bubble
g000007_C19_VIC_46_D10,No Amp,Problem-light,Bubble
g000007_C19_VIC_49_E1,No Amp,Clean,
g000007_C19_VIC_50_E2,No Amp,Clean,
g000007_C19_VIC_54_E6,No Amp,Clean,
g000007_FluAB_FAM_55_E7,No Amp,Problem-light,Baseline Issue
g000007_C19_VIC_56_E8,No Amp,Clean,
g000007_FluAB_FAM_57_E9,No Amp,Problem-light,Bubble
g000007_C19_VIC_57_E9,No Amp,Problem-light,Bubble
g000007_RSVAB_ABY_58_E10,No Amp,Clean,
g000007_FluAB_FAM_58_E10,No Amp,Problem-light,Baseline Issue
g000007_C19_VIC_58_E10,No Amp,Clean,
g000007_FluAB_FAM_63_F3,No Amp,Problem-light,Baseline Issue
g000007_C19_VIC_63_F3,No Amp,Clean,
g000007_C19_VIC_64_F4,No Amp,Clean,
g000007_FluAB_FAM_65_F5,No Amp,Problem-light,Baseline Issue
g000007_FluAB_FAM_66_F6,No Amp,Problem-light,Baseline Issue
g000007_FluAB_FAM_68_F8,No Amp,Problem-light,Baseline Issue
g000007_C19_VIC_68_F8,No Amp,Clean,
g000007_FluAB_FAM_69_F9,No Amp,Problem-light,Baseline Issue
g000007_FluAB_FAM_73_G1,No Amp,Problem-light,Baseline Issue
g000007_C19_VIC_73_G1,No Amp,Clean,
g000007_FluAB_FAM_74_G2,No Amp,Problem-light,Baseline Issue
g000007_C19_VIC_74_G2,No Amp,Clean,
g000007_FluAB_FAM_75_G3,No Amp,Problem-light,Baseline Issue
g000007_C19_VIC_75_G3,No Amp,Clean,
g000007_FluAB_FAM_85_H1,No Amp,Problem-light,Baseline Issue
g000007_C19_VIC_85_H1,No Amp,Clean,
g000008_C19_VIC_73_D1,No Amp,Clean,
g000008_C19_VIC_97_E1,No Amp,Clean,
g000008_C19_VIC_151_G7,No Amp,Clean,
g000008_C19_VIC_169_H1,No Amp,Clean,
g000008_C19_VIC_217_J1,No Amp,Clean,
g000009_FluAB_FAM_1_A1,No Amp,Clean,
g000009_C19_VIC_1_A1,No Amp,Clean,
g000009_FluAB_FAM_2_A2,No Amp,Problem-light,Bubble
g000009_C19_VIC_2_A2,No Amp,Problem-light,Bubble
g000009_FluAB_FAM_3_A3,No Amp,Problem-light,Noisy Baseline
g000009_FluAB_FAM_4_A4,No Amp,Problem-light,Noisy Baseline
g000009_C19_VIC_4_A4,No Amp,Clean,
g000009_FluAB_FAM_5_A5,No Amp,Problem-light,Noisy Baseline
g000009_C19_VIC_5_A5,No Amp,Clean,
g000009_FluAB_FAM_6_A6,No Amp,Problem-light,Noisy Baseline
g000009_FluAB_FAM_7_A7,No Amp,Clean,
g000009_C19_VIC_7_A7,No Amp,Clean,
g000009_FluAB_FAM_8_A8,No Amp,Problem-light,Noisy Baseline
g000009_FluAB_FAM_9_A9,No Amp,Clean,
g000009_FluAB_FAM_10_A10,No Amp,Clean,
g000009_C19_VIC_10_A10,No Amp,Clean,
g000009_FluAB_FAM_13_B1,No Amp,Problem-light,Baseline Issue
g000009_FluAB_FAM_15_B3,No Amp,Problem-light,Baseline Issue
g000009_FluAB_FAM_16_B4,No Amp,Clean,
g000009_FluAB_FAM_17_B5,No Amp,Problem-light,Baseline Issue
g000009_FluAB_FAM_18_B6,No Amp,Problem-light,Baseline Issue
g000009_FluAB_FAM_19_B7,No Amp,Problem-light,Baseline Issue
g000009_FluAB_FAM_20_B8,No Amp,Problem-light,Baseline Issue
g000009_C19_VIC_20_B8,No Amp,Clean,
g000009_FluAB_FAM_21_B9,No Amp,Problem-light,Baseline Issue
g000009_FluAB_FAM_22_B10,No Amp,Clean,
g000009_C19_VIC_22_B10,No Amp,Clean,
g000009_FluAB_FAM_25_C1,No Amp,Clean,
g000009_FluAB_FAM_26_C2,No Amp,Problem-light,Baseline Issue
g000009_C19_VIC_26_C2,No Amp,Clean,
g000009_FluAB_FAM_27_C3,No Amp,Problem-light,Baseline Issue
g000009_C19_VIC_27_C3,No Amp,Clean,
g000009_FluAB_FAM_28_C4,No Amp,Problem-light,Baseline Issue
g000009_FluAB_FAM_29_C5,No Amp,Problem-light,Baseline Issue
g000009_FluAB_FAM_30_C6,No Amp,Clean,
g000009_FluAB_FAM_31_C7,No Amp,Problem-light,Baseline Issue
g000009_C19_VIC_31_C7,No Amp,Clean,
g000009_FluAB_FAM_32_C8,No Amp,Clean,
g000009_C19_VIC_32_C8,No Amp,Clean,
g000009_FluAB_FAM_33_C9,No Amp,Clean,
g000009_C19_VIC_33_C9,No Amp,Clean,
g000009_FluAB_FAM_34_C10,No Amp,Clean,
g000009_FluAB_FAM_37_D1,No Amp,Problem-light,Baseline Issue
g000009_FluAB_FAM_38_D2,No Amp,Problem-light,Baseline Issue
g000009_FluAB_FAM_39_D3,No Amp,Problem-light,Bubble
g000009_C19_VIC_39_D3,No Amp,Problem-light,Bubble
g000009_FluAB_FAM_40_D4,No Amp,Problem-light,Noisy Baseline
g000009_C19_VIC_40_D4,No Amp,Clean,
g000009_FluAB_FAM_41_D5,No Amp,Problem-light,Noisy Baseline
g000009_FluAB_FAM_42_D6,No Amp,Problem-light,Noisy Baseline
g000009_C19_VIC_42_D6,No Amp,Clean,
g000009_FluAB_FAM_43_D7,No Amp,Clean,
g000009_FluAB_FAM_44_D8,No Amp,Clean,
g000009_C19_VIC_44_D8,No Amp,Clean,
g000009_FluAB_FAM_45_D9,No Amp,Problem-light,Noisy Baseline
g000009_C19_VIC_45_D9,No Amp,Clean,
g000009_FluAB_FAM_46_D10,No Amp,Problem-light,Noisy Baseline
g000009_C19_VIC_46_D10,No Amp,Clean,
g000009_FluAB_FAM_49_E1,No Amp,Clean,
g000009_FluAB_FAM_50_E2,No Amp,Clean,
g000009_FluAB_FAM_51_E3,No Amp,Problem-light,Noisy Baseline
g000009_FluAB_FAM_52_E4,No Amp,Problem-light,Noisy Baseline
g000009_FluAB_FAM_53_E5,No Amp,Problem-light,Noisy Baseline
g000009_FluAB_FAM_54_E6,No Amp,Problem-light,Noisy Baseline
g000009_C19_VIC_54_E6,No Amp,Clean,
g000009_FluAB_FAM_55_E7,No Amp,Problem-light,Noisy Baseline
g000009_FluAB_FAM_56_E8,No Amp,Problem-light,Noisy Baseline
g000009_C19_VIC_56_E8,No Amp,Clean,
g000009_FluAB_FAM_57_E9,No Amp,Problem-light,Noisy Baseline
g000009_C19_VIC_57_E9,No Amp,Clean,
g000009_FluAB_FAM_58_E10,No Amp,Problem-light,Noisy Baseline
g000009_FluAB_FAM_61_F1,No Amp,Problem-light,Noisy Baseline
g000009_C19_VIC_61_F1,No Amp,Clean,
g000009_FluAB_FAM_62_F2,No Amp,Problem-light,Noisy Baseline
g000009_C19_VIC_62_F2,No Amp,Clean,
g000009_C19_VIC_63_F3,No Amp,Clean,
g000009_FluAB_FAM_64_F4,No Amp,Clean,
g000009_C19_VIC_64_F4,No Amp,Clean,
g000009_FluAB_FAM_65_F5,No Amp,Problem-light,Noisy Baseline
g000009_C19_VIC_65_F5,No Amp,Clean,
g000009_FluAB_FAM_66_F6,No Amp,Clean,
g000009_FluAB_FAM_67_F7,No Amp,Clean,
g000009_C19_VIC_67_F7,No Amp,Clean,
g000009_FluAB_FAM_68_F8,No Amp,Problem-light,Noisy Baseline
g000009_C19_VIC_68_F8,No Amp,Clean,
g000009_FluAB_FAM_70_F10,No Amp,Problem-light,Noisy Baseline
g000009_FluAB_FAM_73_G1,No Amp,Problem-light,Baseline Issue
g000009_FluAB_FAM_74_G2,No Amp,Problem-light,Baseline Issue
g000009_C19_VIC_74_G2,No Amp,Clean,
g000009_FluAB_FAM_75_G3,No Amp,Problem-light,Baseline Issue
g000009_FluAB_FAM_85_H1,No Amp,Clean,
g000010_FluAB_FAM_7_A7,No Amp,Clean,
g000010_C19_VIC_7_A7,No Amp,Clean,
g000010_FluAB_FAM_13_A13,No Amp,Clean,
g000010_FluAB_FAM_17_A17,No Amp,Clean,
g000010_FluAB_FAM_37_B13,No Amp,Clean,
g000010_FluAB_FAM_41_B17,No Amp,Clean,
g000010_C19_VIC_83_D11,No Amp,Clean,
g000010_FluAB_FAM_91_D19,No Amp,Problem-light,Baseline Issue
g000010_FluAB_FAM_105_E9,No Amp,Problem-light,Baseline Issue
g000010_C19_VIC_105_E9,No Amp,Clean,
g000010_FluAB_FAM_113_E17,No Amp,Clean,
g000010_FluAB_FAM_115_E19,No Amp,Clean,
g000010_C19_VIC_115_E19,No Amp,Clean,
g000010_FluAB_FAM_151_G7,No Amp,Clean,
g000010_C19_VIC_179_H11,No Amp,Clean,
g000010_C19_VIC_183_H15,No Amp,Clean,
g000010_FluAB_FAM_221_J5,No Amp,Clean,
g000010_C19_VIC_221_J5,No Amp,Clean,
g000010_C19_VIC_361_P1,No Amp,Clean,
g000011_FluAB_FAM_2_A2,No Amp,Clean,
g000011_FluAB_FAM_3_A3,No Amp,Clean,
g000011_FluAB_FAM_4_A4,No Amp,Clean,
g000011_FluAB_FAM_5_A5,No Amp,Clean,
g000011_C19_VIC_5_A5,No Amp,Clean,
g000011_FluAB_FAM_6_A6,No Amp,Clean,
g000011_FluAB_FAM_7_A7,No Amp,Clean,
g000011_FluAB_FAM_8_A8,No Amp,Clean,
g000011_FluAB_FAM_9_A9,No Amp,Clean,
g000011_FluAB_FAM_10_A10,No Amp,Clean,
g000011_FluAB_FAM_13_B1,No Amp,Clean,
g000011_FluAB_FAM_14_B2,No Amp,Clean,
g000011_FluAB_FAM_15_B3,No Amp,Clean,
g000011_FluAB_FAM_17_B5,No Amp,Clean,
g000011_FluAB_FAM_18_B6,No Amp,Clean,
g000011_FluAB_FAM_20_B8,No Amp,Clean,
g000011_FluAB_FAM_21_B9,No Amp,Problem-light,Bubble
g000011_FluAB_FAM_22_B10,No Amp,Clean,
g000011_FluAB_FAM_25_C1,No Amp,Clean,
g000011_FluAB_FAM_26_C2,No Amp,Clean,
g000011_FluAB_FAM_27_C3,No Amp,Clean,
g000011_FluAB_FAM_29_C5,No Amp,Clean,
g000011_FluAB_FAM_30_C6,No Amp,Clean,
g000011_FluAB_FAM_32_C8,No Amp,Clean,
g000011_FluAB_FAM_33_C9,No Amp,Clean,
g000011_C19_VIC_34_C10,No Amp,Clean,
g000011_FluAB_FAM_37_D1,No Amp,Clean,
g000011_FluAB_FAM_38_D2,No Amp,Clean,
g000011_C19_VIC_38_D2,No Amp,Clean,
g000011_FluAB_FAM_39_D3,No Amp,Clean,
g000011_FluAB_FAM_40_D4,No Amp,Clean,
g000011_FluAB_FAM_41_D5,No Amp,Clean,
g000011_FluAB_FAM_42_D6,No Amp,Clean,
g000011_FluAB_FAM_43_D7,No Amp,Clean,
g000011_FluAB_FAM_44_D8,No Amp,Clean,
g000011_FluAB_FAM_45_D9,No Amp,Clean,
g000011_FluAB_FAM_46_D10,No Amp,Clean,
g000011_C19_VIC_46_D10,No Amp,Clean,
g000011_RSVAB_ABY_50_E2,No Amp,Clean,
g000011_FluAB_FAM_50_E2,No Amp,Clean,
g000011_FluAB_FAM_51_E3,No Amp,Clean,
g000011_C19_VIC_52_E4,No Amp,Clean,
g000011_FluAB_FAM_53_E5,No Amp,Clean,
g000011_FluAB_FAM_54_E6,No Amp,Clean,
g000011_C19_VIC_55_E7,No Amp,Clean,
g000011_FluAB_FAM_56_E8,No Amp,Clean,
g000011_C19_VIC_56_E8,No Amp,Clean,
g000011_FluAB_FAM_57_E9,No Amp,Clean,
g000011_FluAB_FAM_58_E10,No Amp,Clean,
g000011_C19_VIC_61_F1,No Amp,Clean,
g000011_FluAB_FAM_62_F2,No Amp,Clean,
g000011_FluAB_FAM_63_F3,No Amp,Clean,
g000011_FluAB_FAM_64_F4,No Amp,Clean,
g000011_C19_VIC_64_F4,No Amp,Clean,
g000011_FluAB_FAM_65_F5,No Amp,Clean,
g000011_C19_VIC_65_F5,No Amp,Clean,
g000011_FluAB_FAM_66_F6,No Amp,Clean,
g000011_C19_VIC_66_F6,No Amp,Clean,
g000011_RSVAB_ABY_67_F7,No Amp,Clean,
g000011_FluAB_FAM_67_F7,No Amp,Clean,
g000011_FluAB_FAM_68_F8,No Amp,Clean,
g000011_FluAB_FAM_69_F9,No Amp,Clean,
g000011_C19_VIC_69_F9,No Amp,Clean,
g000011_FluAB_FAM_70_F10,No Amp,Clean,
g000011_FluAB_FAM_73_G1,No Amp,Clean,
g000011_C19_VIC_73_G1,No Amp,Clean,
g000011_FluAB_FAM_74_G2,No Amp,Clean,
g000011_FluAB_FAM_75_G3,No Amp,Clean,
g000011_RSVAB_ABY_85_H1,No Amp,Clean,
g000011_FluAB_FAM_85_H1,No Amp,Clean,
g000012_FluAB_FAM_1_A1,No Amp,Clean,
g000012_FluAB_FAM_43_B19,No Amp,Problem-light,Bubble
g000012_FluAB_FAM_79_D7,No Amp,Clean,
g000012_FluAB_FAM_85_D13,No Amp,Clean,
g000012_C19_VIC_97_E1,No Amp,Clean,
g000012_C19_VIC_103_E7,No Amp,Clean,
g000012_FluAB_FAM_109_E13,No Amp,Clean,
g000012_RSVAB_ABY_151_G7,Amp,Clean,
g000012_C19_VIC_151_G7,No Amp,Clean,
g000012_RSVAB_ABY_169_H1,No Amp,Clean,
g000012_RSVAB_ABY_217_J1,No Amp,Clean,
g000012_C19_VIC_217_J1,No Amp,Clean,
g000013_RSVAB_ABY_1_A1,No Amp,Clean,
g000013_RSVAB_ABY_2_A2,No Amp,Clean,
g000013_FluAB_FAM_3_A3,No Amp,Problem-light,Noisy Baseline
g000013_FluAB_FAM_4_A4,No Amp,Problem-light,Noisy Baseline
g000013_FluAB_FAM_5_A5,No Amp,Problem-light,Noisy Baseline
g000013_FluAB_FAM_6_A6,No Amp,Problem-light,Noisy Baseline
g000013_RSVAB_ABY_9_A9,No Amp,Clean,
g000013_FluAB_FAM_9_A9,No Amp,Problem-light,Noisy Baseline
g000013_FluAB_FAM_11_A11,No Amp,Problem-light,Noisy Baseline
g000013_RSVAB_ABY_12_A12,No Amp,Clean,
g000013_RSVAB_ABY_13_B1,No Amp,Clean,
g000013_FluAB_FAM_14_B2,No Amp,Problem-light,Noisy Baseline
g000013_FluAB_FAM_16_B4,No Amp,Problem-light,Noisy Baseline
g000013_FluAB_FAM_22_B10,No Amp,Problem-light,Noisy Baseline
g000013_FluAB_FAM_24_B12,No Amp,Problem-light,Noisy Baseline
g000013_FluAB_FAM_25_C1,No Amp,Clean,
g000013_FluAB_FAM_27_C3,No Amp,Problem-light,Noisy Baseline
g000013_FluAB_FAM_28_C4,No Amp,Problem-light,Noisy Baseline
g000013_FluAB_FAM_29_C5,No Amp,Problem-light,Noisy Baseline
g000013_FluAB_FAM_30_C6,No Amp,Problem-light,Noisy Baseline
g000013_FluAB_FAM_32_C8,No Amp,Problem-light,Noisy Baseline
g000013_FluAB_FAM_33_C9,No Amp,Problem-light,Noisy Baseline
g000013_FluAB_FAM_34_C10,No Amp,Problem-light,Noisy Baseline
g000013_FluAB_FAM_36_C12,No Amp,Problem-light,Noisy Baseline
g000013_FluAB_FAM_37_D1,No Amp,Problem-light,Noisy Baseline
g000013_FluAB_FAM_39_D3,No Amp,Problem-light,Noisy Baseline
g000013_FluAB_FAM_40_D4,No Amp,Problem-light,Noisy Baseline
g000013_FluAB_FAM_41_D5,No Amp,Problem-light,Noisy Baseline
g000013_FluAB_FAM_42_D6,No Amp,Problem-light,Noisy Baseline
g000013_FluAB_FAM_43_D7,No Amp,Problem-light,Noisy Baseline
g000013_FluAB_FAM_44_D8,No Amp,Problem-light,Noisy Baseline
g000013_FluAB_FAM_46_D10,No Amp,Problem-light,Noisy Baseline
g000013_FluAB_FAM_47_D11,No Amp,Problem-light,Noisy Baseline
g000013_FluAB_FAM_48_D12,No Amp,Problem-light,Noisy Baseline
g000013_FluAB_FAM_49_E1,No Amp,Problem-light,Noisy Baseline
g000013_FluAB_FAM_50_E2,No Amp,Problem-light,Noisy Baseline
g000013_FluAB_FAM_52_E4,No Amp,Problem-light,Noisy Baseline
g000013_FluAB_FAM_55_E7,No Amp,Clean,
g000013_FluAB_FAM_63_F3,No Amp,Problem-light,Noisy Baseline
g000013_FluAB_FAM_64_F4,No Amp,Problem-light,Noisy Baseline
g000013_FluAB_FAM_65_F5,No Amp,Problem-light,Noisy Baseline
g000013_FluAB_FAM_66_F6,No Amp,Problem-light,Noisy Baseline
g000013_FluAB_FAM_67_F7,No Amp,Problem-light,Noisy Baseline
g000013_FluAB_FAM_68_F8,No Amp,Problem-light,Noisy Baseline
g000013_FluAB_FAM_69_F9,No Amp,Clean,
g000013_FluAB_FAM_71_F11,No Amp,Problem-light,Noisy Baseline
g000013_FluAB_FAM_72_F12,No Amp,Problem-light,Noisy Baseline
g000013_FluAB_FAM_74_G2,No Amp,Problem-light,Noisy Baseline
g000013_FluAB_FAM_75_G3,No Amp,Problem-light,Noisy Baseline
g000013_C19_VIC_75_G3,No Amp,Clean,
g000013_FluAB_FAM_96_H12,No Amp,Problem-light,Noisy Baseline
g000013_C19_VIC_96_H12,No Amp,Clean,
g000014_RSVAB_ABY_14_B2,No Amp,Clean,
g000014_C19_VIC_25_C1,No Amp,Clean,
g000014_C19_VIC_36_C12,No Amp,Clean,
g000014_C19_VIC_50_E2,No Amp,Clean,
g000014_C19_VIC_53_E5,No Amp,Clean,
g000014_FluAB_FAM_58_E10,No Amp,Clean,
g000014_C19_VIC_59_E11,No Amp,Clean,
g000014_RSVAB_ABY_61_F1,No Amp,Clean,
g000014_FluAB_FAM_61_F1,No Amp,Clean,
g000014_C19_VIC_63_F3,No Amp,Clean,
g000014_C19_VIC_64_F4,No Amp,Clean,
g000014_C19_VIC_69_F9,No Amp,Clean,
g000014_FluAB_FAM_70_F10,No Amp,Clean,
g000014_C19_VIC_70_F10,No Amp,Clean,
g000014_C19_VIC_73_G1,No Amp,Clean,
g000014_FluAB_FAM_74_G2,No Amp,Clean,
g000014_C19_VIC_74_G2,No Amp,Clean,
g000014_FluAB_FAM_75_G3,No Amp,Clean,
g000014_C19_VIC_75_G3,No Amp,Clean,
g000014_FluAB_FAM_96_H12,No Amp,Clean,
g000014_C19_VIC_96_H12,No Amp,Clean,
g000015_FluAB_FAM_5_A5,No Amp,Clean,
g000015_FluAB_FAM_7_A7,No Amp,Clean,
g000015_FluAB_FAM_10_A10,No Amp,Clean,
g000015_FluAB_FAM_16_B4,No Amp,Clean,
g000015_FluAB_FAM_18_B6,No Amp,Clean,
g000015_FluAB_FAM_20_B8,No Amp,Clean,
g000015_FluAB_FAM_21_B9,No Amp,Clean,
g000015_FluAB_FAM_22_B10,No Amp,Clean,
g000015_FluAB_FAM_25_C1,No Amp,Clean,
g000015_FluAB_FAM_26_C2,No Amp,Clean,
g000015_FluAB_FAM_27_C3,No Amp,Clean,
g000015_FluAB_FAM_30_C6,No Amp,Clean,
g000015_FluAB_FAM_31_C7,No Amp,Clean,
g000015_FluAB_FAM_32_C8,No Amp,Clean,
g000015_FluAB_FAM_33_C9,No Amp,Problem-light,Baseline Issue
g000015_FluAB_FAM_34_C10,No Amp,Clean,
g000015_FluAB_FAM_37_D1,No Amp,Clean,
g000015_FluAB_FAM_39_D3,No Amp,Clean,
g000015_FluAB_FAM_40_D4,No Amp,Clean,
g000015_FluAB_FAM_43_D7,No Amp,Clean,
g000015_FluAB_FAM_44_D8,No Amp,Clean,
g000015_FluAB_FAM_45_D9,No Amp,Clean,
g000015_FluAB_FAM_46_D10,No Amp,Clean,
g000015_FluAB_FAM_49_E1,No Amp,Clean,
g000015_RSVAB_ABY_51_E3,No Amp,Clean,
g000015_FluAB_FAM_51_E3,No Amp,Clean,
g000015_FluAB_FAM_52_E4,No Amp,Clean,
g000015_FluAB_FAM_53_E5,No Amp,Clean,
g000015_FluAB_FAM_57_E9,No Amp,Clean,
g000015_FluAB_FAM_65_F5,No Amp,Clean,
g000015_FluAB_FAM_67_F7,No Amp,Clean,
g000015_FluAB_FAM_74_G2,No Amp,Clean,
g000015_C19_VIC_74_G2,No Amp,Clean,
g000015_FluAB_FAM_75_G3,No Amp,Clean,
g000015_MS2_JUN_85_H1,No Amp,Clean,
g000015_FluAB_FAM_96_H12,No Amp,Clean,
g000016_FluAB_FAM_96_H12,No Amp,Clean,
g000017_C19_VIC_1_A1,No Amp,Clean,
g000017_C19_VIC_2_A2,No Amp,Clean,
g000017_C19_VIC_9_A9,No Amp,Clean,
g000017_C19_VIC_21_B9,No Amp,Clean,
g000017_C19_VIC_25_C1,No Amp,Clean,
g000017_RSVAB_ABY_26_C2,No Amp,Clean,
g000017_C19_VIC_27_C3,No Amp,Clean,
g000017_C19_VIC_29_C5,No Amp,Clean,
g000017_C19_VIC_31_C7,No Amp,Clean,
g000017_RSVAB_ABY_33_C9,No Amp,Clean,
g000017_C19_VIC_34_C10,No Amp,Clean,
g000017_RSVAB_ABY_39_D3,No Amp,Clean,
g000017_C19_VIC_46_D10,No Amp,Clean,
g000017_FluAB_FAM_50_E2,No Amp,Clean,
g000017_C19_VIC_53_E5,No Amp,Clean,
g000017_FluAB_FAM_67_F7,No Amp,Clean,
g000017_RSVAB_ABY_68_F8,No Amp,Clean,
g000017_C19_VIC_73_G1,No Amp,Clean,
g000017_FluAB_FAM_74_G2,No Amp,Clean,
g000017_FluAB_FAM_75_G3,No Amp,Clean,
g000018_C19_VIC_15_B3,No Amp,Clean,
g000018_C19_VIC_34_C10,No Amp,Clean,
g000018_C19_VIC_43_D7,No Amp,Clean,
g000018_C19_VIC_45_D9,No Amp,Clean,
g000018_C19_VIC_68_F8,No Amp,Clean,
g000018_C19_VIC_75_G3,No Amp,Clean,
g000018_MS2_JUN_85_H1,No Amp,Clean,
g000019_C19_VIC_1_A1,No Amp,Clean,
g000019_C19_VIC_2_A2,No Amp,Clean,
g000019_C19_VIC_3_A3,No Amp,Clean,
g000019_C19_VIC_4_A4,No Amp,Clean,
g000019_C19_VIC_5_A5,No Amp,Clean,
g000019_C19_VIC_6_A6,No Amp,Clean,
g000019_C19_VIC_9_A9,No Amp,Clean,
g000019_C19_VIC_10_A10,No Amp,Clean,
g000019_C19_VIC_13_B1,No Amp,Clean,
g000019_C19_VIC_14_B2,No Amp,Clean,
g000019_C19_VIC_16_B4,No Amp,Clean,
g000019_C19_VIC_26_C2,No Amp,Clean,
g000019_C19_VIC_28_C4,No Amp,Clean,
g000019_C19_VIC_30_C6,No Amp,Clean,
g000019_C19_VIC_39_D3,No Amp,Clean,
g000019_C19_VIC_41_D5,No Amp,Clean,
g000019_C19_VIC_42_D6,No Amp,Clean,
g000019_C19_VIC_44_D8,No Amp,Clean,
g000019_C19_VIC_45_D9,No Amp,Clean,
g000019_C19_VIC_46_D10,No Amp,Clean,
g000019_C19_VIC_49_E1,No Amp,Clean,
g000019_FluAB_FAM_51_E3,No Amp,Problem-light,Noisy Baseline
g000019_C19_VIC_51_E3,No Amp,Problem-light,Noisy Baseline
g000019_C19_VIC_52_E4,No Amp,Clean,
g000019_C19_VIC_55_E7,No Amp,Clean,
g000019_C19_VIC_56_E8,No Amp,Clean,
g000019_C19_VIC_57_E9,No Amp,Clean,
g000019_C19_VIC_58_E10,No Amp,Clean,
g000019_C19_VIC_61_F1,No Amp,Clean,
g000019_C19_VIC_64_F4,No Amp,Clean,
g000019_MS2_JUN_65_F5,No Amp,Clean,
g000019_C19_VIC_65_F5,No Amp,Clean,
g000019_RSVAB_ABY_66_F6,No Amp,Clean,
g000019_MS2_JUN_66_F6,No Amp,Clean,
g000019_C19_VIC_66_F6,No Amp,Clean,
g000019_RSVAB_ABY_67_F7,No Amp,Problem-light,Baseline Issue
g000019_MS2_JUN_67_F7,No Amp,Clean,
g000019_C19_VIC_67_F7,No Amp,Clean,
g000019_MS2_JUN_68_F8,No Amp,Clean,
g000019_C19_VIC_68_F8,No Amp,Clean,
g000019_MS2_JUN_69_F9,No Amp,Clean,
g000019_C19_VIC_69_F9,No Amp,Clean,
g000019_C19_VIC_70_F10,No Amp,Clean,
g000019_FluAB_FAM_74_G2,No Amp,Problem-light,Baseline Issue
g000019_C19_VIC_74_G2,No Amp,Clean,
g000019_FluAB_FAM_75_G3,No Amp,Problem-light,Baseline Issue
g000020_C19_VIC_89_D17,No Amp,Clean,
g000020_RSVAB_ABY_159_G15,No Amp,Clean,
g000020_MS2_JUN_384_P24,No Amp,Clean,
g000021_RSVAB_ABY_19_A19,No Amp,Clean,
g000021_C19_VIC_87_D15,No Amp,Clean,
g000021_C19_VIC_91_D19,No Amp,Clean,
g000021_C19_VIC_153_G9,No Amp,Clean,
g000021_C19_VIC_163_G19,No Amp,Clean,
g000021_C19_VIC_169_H1,No Amp,Clean,
g000021_C19_VIC_179_H11,No Amp,Clean,
g000021_C19_VIC_181_H13,No Amp,Clean,
g000021_C19_VIC_185_H17,No Amp,Clean,
g000021_MS2_JUN_287_L23,No Amp,Clean,
g000022_FluAB_FAM_1_A1,No Amp,Clean,
g000022_C19_VIC_1_A1,No Amp,Clean,
g000022_FluAB_FAM_2_A2,No Amp,Problem-light,Baseline Issue
g000022_FluAB_FAM_3_A3,No Amp,Clean,
g000022_FluAB_FAM_4_A4,No Amp,Clean,
g000022_FluAB_FAM_5_A5,No Amp,Clean,
g000022_FluAB_FAM_6_A6,No Amp,Clean,
g000022_FluAB_FAM_8_A8,No Amp,Clean,
g000022_FluAB_FAM_9_A9,No Amp,Problem-light,Noisy Baseline
g000022_FluAB_FAM_14_B2,No Amp,Clean,
g000022_FluAB_FAM_16_B4,No Amp,Clean,
g000022_FluAB_FAM_22_B10,No Amp,Problem-light,Baseline Issue
g000022_FluAB_FAM_25_C1,No Amp,Clean,
g000022_C19_VIC_25_C1,No Amp,Clean,
g000022_FluAB_FAM_27_C3,No Amp,Problem-light,Baseline Issue
g000022_FluAB_FAM_30_C6,No Amp,Problem-light,Baseline Issue
g000022_FluAB_FAM_31_C7,No Amp,Problem-severe,Bubble
g000022_FluAB_FAM_34_C10,No Amp,Problem-light,Baseline Issue
g000022_FluAB_FAM_37_D1,No Amp,Clean,
g000022_C19_VIC_38_D2,No Amp,Clean,
g000022_FluAB_FAM_40_D4,No Amp,Clean,
g000022_FluAB_FAM_43_D7,No Amp,Clean,
g000022_FluAB_FAM_44_D8,No Amp,Clean,
g000022_FluAB_FAM_46_D10,No Amp,Problem-light,Baseline Issue
g000022_FluAB_FAM_49_E1,No Amp,Problem-severe,Bubble
g000022_C19_VIC_49_E1,No Amp,Clean,
g000022_FluAB_FAM_54_E6,No Amp,Problem-light,Baseline Issue
g000022_FluAB_FAM_55_E7,No Amp,Problem-light,Baseline Issue
g000022_FluAB_FAM_56_E8,No Amp,Problem-light,Baseline Issue
g000022_FluAB_FAM_58_E10,No Amp,Problem-light,Baseline Issue
g000022_C19_VIC_62_F2,No Amp,Clean,
g000022_FluAB_FAM_63_F3,No Amp,Problem-light,Baseline Issue
g000022_FluAB_FAM_65_F5,No Amp,Problem-severe,Bubble
g000022_FluAB_FAM_66_F6,No Amp,Clean,
g000022_FluAB_FAM_70_F10,No Amp,Problem-light,Baseline Issue
g000022_C19_VIC_73_G1,No Amp,Clean,
g000022_RSVAB_ABY_85_H1,No Amp,Clean,
g000022_FluAB_FAM_85_H1,No Amp,Clean,
g000022_MS2_JUN_85_H1,No Amp,Clean,
g000022_MS2_JUN_96_H12,No Amp,Clean,
g000023_C19_VIC_1_A1,No Amp,Problem-light,Baseline Issue
g000023_C19_VIC_33_C9,No Amp,Problem-light,Baseline Issue
g000023_C19_VIC_39_D3,No Amp,Clean,
g000023_C19_VIC_40_D4,No Amp,Clean,
g000023_C19_VIC_42_D6,No Amp,Clean,
g000023_C19_VIC_44_D8,No Amp,Clean,
g000023_C19_VIC_45_D9,No Amp,Clean,
g000023_C19_VIC_50_E2,No Amp,Clean,
g000023_C19_VIC_53_E5,No Amp,Clean,
g000023_C19_VIC_54_E6,No Amp,Clean,
g000023_C19_VIC_55_E7,No Amp,Clean,
g000023_C19_VIC_61_F1,No Amp,Clean,
g000023_C19_VIC_62_F2,No Amp,Clean,
g000023_C19_VIC_63_F3,No Amp,Clean,
g000023_C19_VIC_64_F4,No Amp,Clean,
g000023_C19_VIC_65_F5,No Amp,Clean,
g000023_C19_VIC_66_F6,No Amp,Clean,
g000023_C19_VIC_67_F7,No Amp,Clean,
g000023_C19_VIC_68_F8,No Amp,Clean,
g000023_FluAB_FAM_73_G1,No Amp,Clean,
g000023_C19_VIC_73_G1,No Amp,Clean,
g000023_FluAB_FAM_74_G2,No Amp,Problem-light,Baseline Issue
g000023_C19_VIC_74_G2,No Amp,Clean,
g000023_FluAB_FAM_75_G3,No Amp,Problem-light,Baseline Issue
g000023_RSVAB_ABY_85_H1,No Amp,Clean,
g000023_FluAB_FAM_85_H1,No Amp,Clean,
g000023_MS2_JUN_85_H1,No Amp,Clean,
g000023_MS2_JUN_96_H12,No Amp,Clean,
g000024_C19_VIC_1_A1,No Amp,Clean,
g000024_FluAB_FAM_3_A3,No Amp,Clean,
g000024_C19_VIC_3_A3,No Amp,Clean,
g000024_C19_VIC_5_A5,No Amp,Clean,
g000024_C19_VIC_9_A9,No Amp,Clean,
g000024_C19_VIC_13_A13,No Amp,Clean,
g000024_C19_VIC_25_B1,No Amp,Clean,
g000024_FluAB_FAM_37_B13,No Amp,Clean,
g000024_FluAB_FAM_73_D1,No Amp,Clean,
g000024_C19_VIC_75_D3,No Amp,Clean,
g000024_FluAB_FAM_89_D17,No Amp,Clean,
g000024_FluAB_FAM_175_H7,No Amp,Clean,
g000024_C19_VIC_219_J3,No Amp,Clean,
g000024_MS2_JUN_287_L23,No Amp,Clean,
g000025_RSVAB_ABY_2_A2,No Amp,Problem-light,Baseline Issue
g000025_FluAB_FAM_4_A4,No Amp,Clean,
g000025_FluAB_FAM_5_A5,No Amp,Clean,
g000025_FluAB_FAM_10_A10,No Amp,Clean,
g000025_FluAB_FAM_12_A12,No Amp,Problem-light,Baseline Issue
g000025_FluAB_FAM_14_B2,No Amp,Problem-light,Baseline Issue
g000025_RSVAB_ABY_15_B3,No Amp,Clean,
g000025_FluAB_FAM_16_B4,No Amp,Problem-light,Baseline Issue
g000025_RSVAB_ABY_17_B5,No Amp,Clean,
g000025_FluAB_FAM_18_B6,No Amp,Problem-light,Baseline Issue
g000025_RSVAB_ABY_19_B7,No Amp,Problem-light,Bubble
g000025_FluAB_FAM_19_B7,No Amp,Problem-light,Bubble
g000025_FluAB_FAM_20_B8,No Amp,Problem-light,Baseline Issue
g000025_FluAB_FAM_21_B9,No Amp,Problem-light,Baseline Issue
g000025_RSVAB_ABY_22_B10,No Amp,Clean,
g000025_FluAB_FAM_22_B10,No Amp,Clean,
g000025_FluAB_FAM_25_C1,No Amp,Clean,
g000025_RSVAB_ABY_26_C2,No Amp,Clean,
g000025_FluAB_FAM_26_C2,No Amp,Problem-light,Bubble
g000025_FluAB_FAM_27_C3,No Amp,Problem-light,Baseline Issue
g000025_FluAB_FAM_28_C4,No Amp,Problem-light,Baseline Issue
g000025_FluAB_FAM_30_C6,No Amp,Problem-light,Baseline Issue
g000025_FluAB_FAM_34_C10,No Amp,Problem-light,Baseline Issue
g000025_FluAB_FAM_35_C11,No Amp,Clean,
g000025_FluAB_FAM_36_C12,No Amp,Clean,
g000025_FluAB_FAM_38_D2,No Amp,Problem-light,Bubble
g000025_FluAB_FAM_40_D4,No Amp,Problem-light,Bubble
g000025_FluAB_FAM_41_D5,No Amp,Problem-light,Baseline Issue
g000025_RSVAB_ABY_42_D6,No Amp,Clean,
g000025_FluAB_FAM_42_D6,No Amp,Problem-light,Baseline Issue
g000025_FluAB_FAM_43_D7,No Amp,Problem-light,Baseline Issue
g000025_FluAB_FAM_44_D8,No Amp,Problem-light,Baseline Issue
g000025_FluAB_FAM_45_D9,No Amp,Problem-light,Baseline Issue
g000025_FluAB_FAM_47_D11,No Amp,Problem-light,Bubble
g000025_FluAB_FAM_48_D12,No Amp,Problem-light,Baseline Issue
g000025_FluAB_FAM_49_E1,No Amp,Clean,
g000025_FluAB_FAM_50_E2,No Amp,Problem-light,Baseline Issue
g000025_FluAB_FAM_51_E3,No Amp,Clean,
g000025_FluAB_FAM_52_E4,No Amp,Clean,
g000025_FluAB_FAM_54_E6,No Amp,Problem-light,Baseline Issue
g000025_FluAB_FAM_56_E8,No Amp,Problem-light,Baseline Issue
g000025_RSVAB_ABY_58_E10,No Amp,Clean,
g000025_FluAB_FAM_58_E10,No Amp,Problem-light,Baseline Issue
g000025_FluAB_FAM_63_F3,No Amp,Problem-light,Baseline Issue
g000025_FluAB_FAM_64_F4,No Amp,Problem-light,Baseline Issue
g000025_RSVAB_ABY_65_F5,No Amp,Clean,
g000025_FluAB_FAM_65_F5,No Amp,Problem-light,Baseline Issue
g000025_FluAB_FAM_66_F6,No Amp,Problem-light,Baseline Issue
g000025_FluAB_FAM_68_F8,No Amp,Problem-light,Baseline Issue
g000025_FluAB_FAM_71_F11,No Amp,Problem-light,Baseline Issue
g000025_FluAB_FAM_72_F12,No Amp,Problem-light,Baseline Issue
g000025_C19_VIC_74_G2,No Amp,Clean,
g000025_FluAB_FAM_75_G3,No Amp,Problem-light,Baseline Issue
g000025_FluAB_FAM_85_H1,No Amp,Problem-light,Bubble
g000025_C19_VIC_85_H1,No Amp,Problem-light,Bubble
g000026_RSVAB_ABY_2_A2,No Amp,Problem-severe,Bubble
g000026_C19_VIC_2_A2,No Amp,Problem-severe,Bubble
g000026_C19_VIC_3_A3,No Amp,Clean,
g000026_C19_VIC_5_A5,No Amp,Problem-severe,Bubble
g000026_C19_VIC_6_A6,No Amp,Problem-severe,Bubble
g000026_C19_VIC_7_A7,No Amp,Clean,
g000026_C19_VIC_8_A8,No Amp,Clean,
g000026_C19_VIC_10_A10,No Amp,Clean,
g000026_C19_VIC_13_B1,No Amp,Clean,
g000026_C19_VIC_14_B2,No Amp,Clean,
g000026_C19_VIC_15_B3,No Amp,Clean,
g000026_RSVAB_ABY_19_B7,No Amp,Problem-severe,Bubble
g000026_C19_VIC_19_B7,No Amp,Problem-severe,Bubble
g000026_C19_VIC_23_B11,No Amp,Clean,
g000026_C19_VIC_24_B12,No Amp,Clean,
g000026_C19_VIC_25_C1,No Amp,Clean,
g000026_C19_VIC_26_C2,No Amp,Clean,
g000026_C19_VIC_28_C4,No Amp,Clean,
g000026_C19_VIC_29_C5,No Amp,Clean,
g000026_C19_VIC_30_C6,No Amp,Clean,
g000026_C19_VIC_31_C7,No Amp,Clean,
g000026_C19_VIC_32_C8,No Amp,Clean,
g000026_C19_VIC_33_C9,No Amp,Clean,
g000026_C19_VIC_36_C12,No Amp,Clean,
g000026_C19_VIC_37_D1,No Amp,Clean,
g000026_FluAB_FAM_38_D2,No Amp,Problem-light,Noisy Baseline
g000026_FluAB_FAM_39_D3,No Amp,Problem-light,Noisy Baseline
g000026_C19_VIC_39_D3,No Amp,Clean,
g000026_C19_VIC_40_D4,No Amp,Clean,
g000026_C19_VIC_41_D5,No Amp,Clean,
g000026_C19_VIC_42_D6,No Amp,Clean,
g000026_C19_VIC_43_D7,No Amp,Clean,
g000026_FluAB_FAM_45_D9,No Amp,Problem-light,Noisy Baseline
g000026_C19_VIC_45_D9,No Amp,Clean,
g000026_FluAB_FAM_46_D10,No Amp,Problem-light,Bubble
g000026_C19_VIC_47_D11,No Amp,Clean,
g000026_C19_VIC_48_D12,No Amp,Clean,
g000026_C19_VIC_50_E2,No Amp,Clean,
g000026_C19_VIC_51_E3,No Amp,Problem-light,Bubble
g000026_C19_VIC_52_E4,No Amp,Clean,
g000026_FluAB_FAM_54_E6,No Amp,Clean,
g000026_C19_VIC_54_E6,No Amp,Clean,
g000026_C19_VIC_55_E7,No Amp,Clean,
g000026_FluAB_FAM_56_E8,No Amp,Problem-light,Noisy Baseline
g000026_FluAB_FAM_57_E9,No Amp,Problem-light,Noisy Baseline
g000026_C19_VIC_58_E10,No Amp,Clean,
g000026_FluAB_FAM_59_E11,No Amp,Problem-light,Bubble
g000026_FluAB_FAM_60_E12,No Amp,Clean,
g000026_C19_VIC_60_E12,No Amp,Clean,
g000026_C19_VIC_62_F2,No Amp,Clean,
g000026_FluAB_FAM_63_F3,No Amp,Problem-light,Noisy Baseline
g000026_FluAB_FAM_65_F5,No Amp,Problem-light,Noisy Baseline
g000026_C19_VIC_65_F5,No Amp,Clean,
g000026_C19_VIC_66_F6,No Amp,Clean,
g000026_C19_VIC_67_F7,No Amp,Clean,
g000026_FluAB_FAM_68_F8,No Amp,Problem-light,Noisy Baseline
g000026_C19_VIC_68_F8,No Amp,Clean,
g000026_FluAB_FAM_69_F9,No Amp,Problem-light,Noisy Baseline
g000026_C19_VIC_69_F9,No Amp,Clean,
g000026_FluAB_FAM_70_F10,No Amp,Problem-light,Noisy Baseline
g000026_C19_VIC_70_F10,No Amp,Clean,
g000026_FluAB_FAM_73_G1,No Amp,Clean,
g000026_C19_VIC_73_G1,No Amp,Clean,
g000026_FluAB_FAM_74_G2,No Amp,Problem-light,Baseline Issue
g000026_FluAB_FAM_75_G3,No Amp,Problem-light,Baseline Issue
g000026_C19_VIC_75_G3,No Amp,Clean,
g000026_FluAB_FAM_85_H1,No Amp,Clean,
g000027_C19_VIC_1_A1,No Amp,Clean,
g000027_C19_VIC_3_A3,No Amp,Clean,
g000027_C19_VIC_5_A5,No Amp,Clean,
g000027_C19_VIC_7_A7,No Amp,Clean,
g000027_C19_VIC_9_A9,No Amp,Clean,
g000027_C19_VIC_14_B2,No Amp,Clean,
g000027_C19_VIC_19_B7,No Amp,Clean,
g000027_RSVAB_ABY_20_B8,No Amp,Problem-severe,Bubble
g000027_C19_VIC_20_B8,No Amp,Problem-severe,Bubble
g000027_C19_VIC_22_B10,No Amp,Clean,
g000027_C19_VIC_23_B11,No Amp,Clean,
g000027_C19_VIC_28_C4,No Amp,Clean,
g000027_C19_VIC_29_C5,No Amp,Clean,
g000027_C19_VIC_31_C7,No Amp,Clean,
g000027_C19_VIC_34_C10,No Amp,Clean,
g000027_C19_VIC_36_C12,No Amp,Clean,
g000027_C19_VIC_37_D1,No Amp,Clean,
g000027_C19_VIC_38_D2,No Amp,Clean,
g000027_C19_VIC_40_D4,No Amp,Clean,
g000027_C19_VIC_47_D11,No Amp,Clean,
g000027_C19_VIC_48_D12,No Amp,Clean,
g000027_C19_VIC_50_E2,No Amp,Clean,
g000027_C19_VIC_52_E4,No Amp,Clean,
g000027_C19_VIC_53_E5,No Amp,Clean,
g000027_C19_VIC_54_E6,No Amp,Clean,
g000027_C19_VIC_56_E8,No Amp,Clean,
g000027_C19_VIC_57_E9,No Amp,Clean,
g000027_FluAB_FAM_58_E10,No Amp,Problem-light,Noisy Baseline
g000027_C19_VIC_58_E10,No Amp,Clean,
g000027_C19_VIC_59_E11,No Amp,Clean,
g000027_C19_VIC_60_E12,No Amp,Clean,
g000027_C19_VIC_62_F2,No Amp,Clean,
g000027_FluAB_FAM_63_F3,No Amp,Clean,
g000027_C19_VIC_64_F4,No Amp,Clean,
g000027_FluAB_FAM_65_F5,No Amp,Problem-light,Noisy Baseline
g000027_C19_VIC_66_F6,No Amp,Clean,
g000027_C19_VIC_68_F8,No Amp,Clean,
g000027_FluAB_FAM_69_F9,No Amp,Problem-light,Noisy Baseline
g000027_C19_VIC_70_F10,No Amp,Clean,
g000027_C19_VIC_71_F11,No Amp,Clean,
g000027_C19_VIC_72_F12,No Amp,Clean,
g000027_FluAB_FAM_73_G1,No Amp,Clean,
g000027_C19_VIC_73_G1,No Amp,Clean,
g000027_FluAB_FAM_76_G4,No Amp,Problem-light,Noisy Baseline
g000027_FluAB_FAM_85_H1,No Amp,Clean,
g000027_MS2_JUN_85_H1,No Amp,Clean,
g000028_FluAB_FAM_7_A7,No Amp,Clean,
g000028_FluAB_FAM_15_A15,No Amp,Clean,
g000028_FluAB_FAM_17_A17,No Amp,Clean,
g000028_RSVAB_ABY_219_J3,No Amp,Clean,
g000029_FluAB_FAM_1_A1,No Amp,Clean,
g000029_C19_VIC_1_A1,No Amp,Clean,
g000029_FluAB_FAM_3_A3,No Amp,Problem-light,Noisy Baseline
g000029_FluAB_FAM_9_A9,No Amp,Problem-light,Noisy Baseline
g000029_FluAB_FAM_14_B2,No Amp,Problem-light,Noisy Baseline
g000029_FluAB_FAM_16_B4,No Amp,Problem-light,Noisy Baseline
g000029_FluAB_FAM_18_B6,No Amp,Problem-light,Noisy Baseline
g000029_FluAB_FAM_19_B7,No Amp,Problem-light,Noisy Baseline
g000029_C19_VIC_19_B7,No Amp,Problem-light,Baseline Issue
g000029_FluAB_FAM_20_B8,No Amp,Problem-severe,Bubble
g000029_FluAB_FAM_21_B9,No Amp,Problem-light,Noisy Baseline
g000029_FluAB_FAM_22_B10,No Amp,Problem-light,Noisy Baseline
g000029_C19_VIC_25_C1,No Amp,Clean,
g000029_FluAB_FAM_26_C2,No Amp,Problem-light,Noisy Baseline
g000029_FluAB_FAM_27_C3,No Amp,Problem-light,Noisy Baseline
g000029_FluAB_FAM_28_C4,No Amp,Problem-light,Noisy Baseline
g000029_FluAB_FAM_29_C5,No Amp,Problem-light,Noisy Baseline
g000029_FluAB_FAM_30_C6,No Amp,Problem-light,Noisy Baseline
g000029_FluAB_FAM_31_C7,No Amp,Problem-light,Bubble
g000029_FluAB_FAM_32_C8,No Amp,Problem-light,Noisy Baseline
g000029_FluAB_FAM_34_C10,No Amp,Problem-light,Noisy Baseline
g000029_C19_VIC_37_D1,No Amp,Clean,
g000029_FluAB_FAM_41_D5,No Amp,Problem-light,Noisy Baseline
g000029_FluAB_FAM_42_D6,No Amp,Problem-light,Noisy Baseline
g000029_FluAB_FAM_44_D8,No Amp,Problem-light,Noisy Baseline
g000029_C19_VIC_49_E1,No Amp,Clean,
g000029_FluAB_FAM_52_E4,No Amp,Problem-light,Noisy Baseline
g000029_C19_VIC_52_E4,No Amp,Clean,
g000029_C19_VIC_56_E8,No Amp,Clean,
g000029_C19_VIC_61_F1,No Amp,Clean,
g000029_FluAB_FAM_67_F7,No Amp,Problem-light,Noisy Baseline
g000029_C19_VIC_67_F7,No Amp,Clean,
g000029_FluAB_FAM_68_F8,No Amp,Problem-light,Noisy Baseline
g000029_FluAB_FAM_69_F9,No Amp,Problem-light,Noisy Baseline
g000029_FluAB_FAM_73_G1,No Amp,Problem-light,Noisy Baseline
g000029_C19_VIC_74_G2,No Amp,Clean,
g000029_MS2_JUN_85_H1,No Amp,Clean,
g000029_C19_VIC_85_H1,No Amp,Clean,
g000029_RSVAB_ABY_96_H12,No Amp,Clean,
g000029_MS2_JUN_96_H12,No Amp,Clean,
g000030_C19_VIC_3_A3,No Amp,Clean,
g000030_C19_VIC_6_A6,No Amp,Clean,
g000030_C19_VIC_7_A7,No Amp,Clean,
g000030_C19_VIC_8_A8,No Amp,Clean,
g000030_C19_VIC_12_A12,No Amp,Clean,
g000030_C19_VIC_13_B1,No Amp,Clean,
g000030_C19_VIC_16_B4,No Amp,Clean,
g000030_C19_VIC_17_B5,No Amp,Clean,
g000030_C19_VIC_19_B7,No Amp,Clean,
g000030_C19_VIC_21_B9,No Amp,Clean,
g000030_C19_VIC_23_B11,No Amp,Clean,
g000030_RSVAB_ABY_24_B12,No Amp,Clean,
g000030_C19_VIC_30_C6,No Amp,Clean,
g000030_C19_VIC_32_C8,No Amp,Clean,
g000030_C19_VIC_33_C9,No Amp,Clean,
g000030_C19_VIC_35_C11,No Amp,Clean,
g000030_C19_VIC_38_D2,No Amp,Clean,
g000030_C19_VIC_42_D6,No Amp,Clean,
g000030_C19_VIC_46_D10,No Amp,Problem-light,Baseline Issue
g000030_RSVAB_ABY_49_E1,No Amp,Clean,
g000030_C19_VIC_49_E1,No Amp,Clean,
g000030_C19_VIC_50_E2,No Amp,Clean,
g000030_C19_VIC_64_F4,No Amp,Clean,
g000030_C19_VIC_67_F7,No Amp,Clean,
g000030_C19_VIC_69_F9,No Amp,Problem-light,Baseline Issue
g000030_C19_VIC_70_F10,No Amp,Problem-light,Baseline Issue
g000030_FluAB_FAM_73_G1,No Amp,Problem-light,Baseline Issue
g000030_C19_VIC_73_G1,No Amp,Clean,
g000030_C19_VIC_74_G2,No Amp,Clean,
g000030_FluAB_FAM_85_H1,No Amp,Clean,
g000031_C19_VIC_2_A2,No Amp,Clean,
g000031_C19_VIC_3_A3,No Amp,Clean,
g000031_FluAB_FAM_5_A5,No Amp,Problem-light,Baseline Issue
g000031_C19_VIC_5_A5,No Amp,Clean,
g000031_C19_VIC_16_B4,No Amp,Clean,
g000031_FluAB_FAM_20_B8,No Amp,Problem-light,Baseline Issue
g000031_C19_VIC_22_B10,No Amp,Clean,
g000031_C19_VIC_25_C1,No Amp,Clean,
g000031_FluAB_FAM_26_C2,No Amp,Problem-light,Baseline Issue
g000031_C19_VIC_26_C2,No Amp,Clean,
g000031_FluAB_FAM_28_C4,No Amp,Problem-light,Baseline Issue
g000031_C19_VIC_29_C5,No Amp,Clean,
g000031_FluAB_FAM_31_C7,No Amp,Clean,
g000031_FluAB_FAM_32_C8,No Amp,Clean,
g000031_C19_VIC_33_C9,No Amp,Clean,
g000031_C19_VIC_34_C10,No Amp,Clean,
g000031_C19_VIC_36_C12,No Amp,Clean,
g000031_C19_VIC_37_D1,No Amp,Clean,
g000031_C19_VIC_38_D2,No Amp,Clean,
g000031_C19_VIC_39_D3,No Amp,Clean,
g000031_FluAB_FAM_43_D7,No Amp,Problem-light,Baseline Issue
g000031_C19_VIC_44_D8,No Amp,Clean,
g000031_C19_VIC_45_D9,No Amp,Clean,
g000031_FluAB_FAM_46_D10,No Amp,Problem-light,Baseline Issue
g000031_C19_VIC_46_D10,No Amp,Clean,
g000031_FluAB_FAM_47_D11,No Amp,Problem-light,Baseline Issue
g000031_C19_VIC_52_E4,No Amp,Clean,
g000031_C19_VIC_54_E6,No Amp,Clean,
g000031_C19_VIC_55_E7,No Amp,Clean,
g000031_FluAB_FAM_57_E9,No Amp,Problem-light,Baseline Issue
g000031_FluAB_FAM_59_E11,No Amp,Problem-light,Baseline Issue
g000031_FluAB_FAM_62_F2,No Amp,Problem-light,Baseline Issue
g000031_C19_VIC_62_F2,No Amp,Clean,
g000031_FluAB_FAM_64_F4,No Amp,Problem-light,Baseline Issue
g000031_C19_VIC_64_F4,No Amp,Clean,
g000031_FluAB_FAM_66_F6,No Amp,Clean,
g000031_FluAB_FAM_67_F7,No Amp,Problem-light,Baseline Issue
g000031_C19_VIC_68_F8,No Amp,Clean,
g000031_FluAB_FAM_69_F9,No Amp,Clean,
g000031_FluAB_FAM_70_F10,No Amp,Problem-light,Baseline Issue
g000031_C19_VIC_70_F10,No Amp,Clean,
g000031_C19_VIC_73_G1,No Amp,Clean,
g000031_FluAB_FAM_74_G2,No Amp,Problem-light,Baseline Issue
g000031_FluAB_FAM_75_G3,No Amp,Problem-light,Baseline Issue
g000031_C19_VIC_75_G3,No Amp,Clean,
g000031_FluAB_FAM_76_G4,No Amp,Problem-light,Baseline Issue
g000031_C19_VIC_76_G4,No Amp,Clean,
g000031_RSVAB_ABY_85_H1,No Amp,Clean,
g000031_MS2_JUN_85_H1,No Amp,Clean,
g000031_MS2_JUN_96_H12,No Amp,Clean,
g000032_C19_VIC_5_A5,No Amp,Clean,
g000032_C19_VIC_6_A6,No Amp,Clean,
g000032_C19_VIC_7_A7,No Amp,Clean,
g000032_C19_VIC_8_A8,No Amp,Clean,
g000032_C19_VIC_19_B7,No Amp,Clean,
g000032_C19_VIC_26_C2,No Amp,Clean,
g000032_FluAB_FAM_27_C3,No Amp,Problem-light,Baseline Issue
g000032_C19_VIC_28_C4,No Amp,Clean,
g000032_C19_VIC_31_C7,No Amp,Clean,
g000032_C19_VIC_33_C9,No Amp,Clean,
g000032_C19_VIC_39_D3,No Amp,Clean,
g000032_C19_VIC_41_D5,No Amp,Clean,
g000032_C19_VIC_42_D6,No Amp,Clean,
g000032_C19_VIC_45_D9,No Amp,Problem-light,Baseline Issue
g000032_C19_VIC_46_D10,No Amp,Problem-light,Baseline Issue
g000032_FluAB_FAM_49_E1,No Amp,Problem-light,Baseline Issue
g000032_C19_VIC_53_E5,No Amp,Clean,
g000032_C19_VIC_55_E7,No Amp,Clean,
g000032_C19_VIC_67_F7,No Amp,Clean,
g000032_C19_VIC_68_F8,No Amp,Problem-light,Baseline Issue
g000032_FluAB_FAM_69_F9,No Amp,Problem-light,Baseline Issue
g000032_C19_VIC_74_G2,No Amp,Clean,
g000032_RSVAB_ABY_85_H1,No Amp,Clean,
g000032_FluAB_FAM_85_H1,No Amp,Problem-light,Baseline Issue
g000032_MS2_JUN_85_H1,No Amp,Clean,
g000032_C19_VIC_85_H1,No Amp,Clean,
g000034_C19_VIC_2_A2,No Amp,Clean,
g000034_FluAB_FAM_3_A3,No Amp,Clean,
g000034_FluAB_FAM_4_A4,No Amp,Problem-light,Bubble
g000034_C19_VIC_13_B1,No Amp,Clean,
g000034_C19_VIC_18_B6,No Amp,Clean,
g000034_C19_VIC_20_B8,No Amp,Clean,
g000034_C19_VIC_27_C3,No Amp,Clean,
g000034_C19_VIC_28_C4,No Amp,Clean,
g000034_C19_VIC_29_C5,No Amp,Clean,
g000034_RSVAB_ABY_38_D2,No Amp,Clean,
g000034_RSVAB_ABY_39_D3,No Amp,Problem-light,Bubble
g000034_C19_VIC_39_D3,No Amp,Problem-light,Bubble
g000034_C19_VIC_46_D10,No Amp,Problem-light,Bubble
g000034_RSVAB_ABY_50_E2,No Amp,Clean,
g000034_C19_VIC_50_E2,No Amp,Clean,
g000034_RSVAB_ABY_51_E3,No Amp,Problem-light,Bubble
g000034_C19_VIC_51_E3,No Amp,Problem-light,Bubble
g000034_C19_VIC_52_E4,No Amp,Clean,
g000034_C19_VIC_66_F6,No Amp,Clean,
g000034_C19_VIC_67_F7,No Amp,Clean,
g000034_C19_VIC_68_F8,No Amp,Clean,
g000034_C19_VIC_74_G2,No Amp,Clean,
g000034_C19_VIC_80_G8,No Amp,Clean,
g000034_RSVAB_ABY_84_G12,No Amp,Clean,
g000035_C19_VIC_3_A3,No Amp,Clean,
g000035_RSVAB_ABY_22_B10,No Amp,Clean,
g000035_FluAB_FAM_22_B10,No Amp,Clean,
g000035_MS2_JUN_84_G12,No Amp,Clean,
g000036_FluAB_FAM_1_A1,No Amp,Clean,
g000036_FluAB_FAM_3_A3,No Amp,Clean,
g000036_FluAB_FAM_4_A4,No Amp,Clean,
g000036_C19_VIC_4_A4,No Amp,Clean,
g000036_RSVAB_ABY_14_B2,No Amp,Problem-light,Noisy Baseline
g000036_FluAB_FAM_14_B2,No Amp,Problem-light,Noisy Baseline
g000036_C19_VIC_14_B2,No Amp,Clean,
g000036_FluAB_FAM_15_B3,No Amp,Clean,
g000036_FluAB_FAM_16_B4,No Amp,Clean,
g000036_FluAB_FAM_17_B5,No Amp,Clean,
g000036_FluAB_FAM_18_B6,No Amp,Clean,
g000036_FluAB_FAM_19_B7,No Amp,Clean,
g000036_FluAB_FAM_20_B8,No Amp,Clean,
g000036_RSVAB_ABY_21_B9,No Amp,Problem-light,Noisy Baseline
g000036_FluAB_FAM_21_B9,No Amp,Problem-light,Bubble
g000036_C19_VIC_21_B9,No Amp,Clean,
g000036_FluAB_FAM_22_B10,No Amp,Clean,
g000036_FluAB_FAM_25_C1,No Amp,Clean,
g000036_C19_VIC_26_C2,No Amp,Clean,
g000036_FluAB_FAM_27_C3,No Amp,Clean,
g000036_FluAB_FAM_28_C4,No Amp,Clean,
g000036_FluAB_FAM_29_C5,No Amp,Clean,
g000036_FluAB_FAM_30_C6,No Amp,Clean,
g000036_FluAB_FAM_32_C8,No Amp,Clean,
g000036_C19_VIC_34_C10,No Amp,Problem-light,Bubble
g000036_FluAB_FAM_37_D1,No Amp,Clean,
g000036_FluAB_FAM_38_D2,No Amp,Clean,
g000036_C19_VIC_38_D2,No Amp,Clean,
g000036_FluAB_FAM_41_D5,No Amp,Clean,
g000036_FluAB_FAM_42_D6,No Amp,Clean,
g000036_C19_VIC_42_D6,No Amp,Clean,
g000036_FluAB_FAM_44_D8,No Amp,Clean,
g000036_FluAB_FAM_45_D9,No Amp,Clean,
g000036_FluAB_FAM_46_D10,No Amp,Problem-light,Bubble
g000036_FluAB_FAM_49_E1,No Amp,Clean,
g000036_FluAB_FAM_51_E3,No Amp,Problem-light,Bubble
g000036_C19_VIC_51_E3,No Amp,Clean,
g000036_FluAB_FAM_52_E4,No Amp,Clean,
g000036_FluAB_FAM_54_E6,No Amp,Clean,
g000036_FluAB_FAM_56_E8,No Amp,Clean,
g000036_FluAB_FAM_57_E9,No Amp,Clean,
g000036_C19_VIC_58_E10,No Amp,Clean,
g000036_FluAB_FAM_62_F2,No Amp,Clean,
g000036_FluAB_FAM_63_F3,No Amp,Clean,
g000036_C19_VIC_63_F3,No Amp,Clean,
g000036_FluAB_FAM_64_F4,No Amp,Clean,
g000036_C19_VIC_64_F4,No Amp,Clean,
g000036_FluAB_FAM_65_F5,No Amp,Clean,
g000036_FluAB_FAM_66_F6,No Amp,Clean,
g000036_FluAB_FAM_67_F7,No Amp,Clean,
g000036_FluAB_FAM_68_F8,No Amp,Clean,
g000036_FluAB_FAM_69_F9,No Amp,Clean,
g000036_FluAB_FAM_70_F10,No Amp,Clean,
g000036_FluAB_FAM_73_G1,No Amp,Clean,
g000036_FluAB_FAM_74_G2,No Amp,Clean,
g000036_FluAB_FAM_75_G3,No Amp,Clean,
g000036_FluAB_FAM_76_G4,No Amp,Clean,
g000036_FluAB_FAM_77_G5,No Amp,Clean,
g000036_FluAB_FAM_78_G6,No Amp,Clean,
g000036_FluAB_FAM_79_G7,No Amp,Clean,
g000036_FluAB_FAM_80_G8,No Amp,Clean,
g000036_FluAB_FAM_82_G10,No Amp,Clean,
g000036_FluAB_FAM_84_G12,No Amp,Clean,
g000037_C19_VIC_76_D4,No Amp,Clean,
g000037_FluAB_FAM_78_D6,No Amp,Clean,
g000037_C19_VIC_78_D6,No Amp,Clean,
g000037_FluAB_FAM_110_E14,No Amp,Clean,
g000037_FluAB_FAM_220_J4,No Amp,Clean,
g000038_FluAB_FAM_1_A1,No Amp,Clean,
g000038_C19_VIC_1_A1,No Amp,Clean,
g000038_FluAB_FAM_2_A2,No Amp,Clean,
g000038_C19_VIC_2_A2,No Amp,Clean,
g000038_FluAB_FAM_4_A4,No Amp,Clean,
g000038_FluAB_FAM_18_B6,No Amp,Clean,
g000038_FluAB_FAM_19_B7,No Amp,Problem-light,Noisy Baseline
g000038_FluAB_FAM_20_B8,No Amp,Clean,
g000038_FluAB_FAM_21_B9,No Amp,Problem-light,Noisy Baseline
g000038_FluAB_FAM_22_B10,No Amp,Problem-light,Noisy Baseline
g000038_FluAB_FAM_26_C2,No Amp,Problem-light,Noisy Baseline
g000038_FluAB_FAM_27_C3,No Amp,Clean,
g000038_FluAB_FAM_32_C8,No Amp,Clean,
g000038_FluAB_FAM_33_C9,No Amp,Clean,
g000038_FluAB_FAM_34_C10,No Amp,Problem-light,Noisy Baseline
g000038_FluAB_FAM_37_D1,No Amp,Clean,
g000038_RSVAB_ABY_40_D4,No Amp,Clean,
g000038_FluAB_FAM_40_D4,No Amp,Clean,
g000038_FluAB_FAM_42_D6,No Amp,Problem-light,Noisy Baseline
g000038_FluAB_FAM_44_D8,No Amp,Clean,
g000038_FluAB_FAM_45_D9,No Amp,Problem-light,Noisy Baseline
g000038_FluAB_FAM_46_D10,No Amp,Problem-light,Noisy Baseline
g000038_FluAB_FAM_49_E1,No Amp,Clean,
g000038_FluAB_FAM_51_E3,No Amp,Problem-light,Noisy Baseline
g000038_FluAB_FAM_52_E4,No Amp,Clean,
g000038_FluAB_FAM_54_E6,No Amp,Clean,
g000038_FluAB_FAM_56_E8,No Amp,Clean,
g000038_FluAB_FAM_58_E10,No Amp,Problem-light,Noisy Baseline
g000038_FluAB_FAM_61_F1,No Amp,Clean,
g000038_RSVAB_ABY_62_F2,No Amp,Problem-light,Noisy Baseline
g000038_FluAB_FAM_63_F3,No Amp,Problem-light,Noisy Baseline
g000038_FluAB_FAM_64_F4,No Amp,Problem-light,Noisy Baseline
g000038_FluAB_FAM_65_F5,No Amp,Clean,
g000038_FluAB_FAM_68_F8,No Amp,Clean,
g000038_FluAB_FAM_70_F10,No Amp,Clean,
g000038_FluAB_FAM_76_G4,No Amp,Clean,
g000038_FluAB_FAM_77_G5,No Amp,Clean,
g000038_FluAB_FAM_78_G6,No Amp,Clean,
g000038_FluAB_FAM_79_G7,No Amp,Clean,
g000038_FluAB_FAM_80_G8,No Amp,Clean,
g000038_FluAB_FAM_81_G9,No Amp,Problem-light,Noisy Baseline
g000038_FluAB_FAM_82_G10,No Amp,Problem-light,Noisy Baseline
g000038_RSVAB_ABY_84_G12,No Amp,Clean,
g000038_FluAB_FAM_84_G12,No Amp,Problem-light,Noisy Baseline
g000038_MS2_JUN_84_G12,No Amp,Clean,
g000038_C19_VIC_84_G12,No Amp,Clean,
g000039_FluAB_FAM_2_A2,No Amp,Clean,
g000039_C19_VIC_2_A2,No Amp,Clean,
g000039_FluAB_FAM_31_C7,No Amp,Clean,
g000039_FluAB_FAM_34_C10,No Amp,Clean,
g000039_MS2_JUN_84_G12,No Amp,Clean,
g000040_FluAB_FAM_2_A2,No Amp,Clean,
g000040_C19_VIC_2_A2,No Amp,Clean,
g000040_C19_VIC_4_A4,No Amp,Clean,
g000040_C19_VIC_13_B1,No Amp,Clean,
g000040_FluAB_FAM_21_B9,No Amp,Clean,
g000040_C19_VIC_25_C1,No Amp,Clean,
g000040_C19_VIC_26_C2,No Amp,Clean,
g000040_FluAB_FAM_27_C3,No Amp,Problem-light,Noisy Baseline
g000040_C19_VIC_32_C8,No Amp,Clean,
g000040_C19_VIC_34_C10,No Amp,Clean,
g000040_C19_VIC_37_D1,No Amp,Clean,
g000040_C19_VIC_40_D4,No Amp,Clean,
g000040_C19_VIC_42_D6,No Amp,Clean,
g000040_FluAB_FAM_46_D10,No Amp,Problem-light,Noisy Baseline
g000040_C19_VIC_46_D10,No Amp,Clean,
g000040_C19_VIC_49_E1,No Amp,Clean,
g000040_C19_VIC_51_E3,No Amp,Clean,
g000040_C19_VIC_52_E4,No Amp,Clean,
g000040_C19_VIC_56_E8,No Amp,Clean,
g000040_C19_VIC_58_E10,No Amp,Clean,
g000040_C19_VIC_61_F1,No Amp,Clean,
g000040_C19_VIC_66_F6,No Amp,Clean,
g000040_C19_VIC_82_G10,No Amp,Clean,
g000040_RSVAB_ABY_84_G12,No Amp,Clean,
g000040_FluAB_FAM_84_G12,No Amp,Clean,
g000040_MS2_JUN_84_G12,No Amp,Clean,
g000041_FluAB_FAM_1_A1,No Amp,Clean,
g000041_C19_VIC_4_A4,No Amp,Clean,
g000041_FluAB_FAM_16_B4,No Amp,Problem-light,Noisy Baseline
g000041_FluAB_FAM_18_B6,No Amp,Clean,
g000041_FluAB_FAM_19_B7,No Amp,Clean,
g000041_FluAB_FAM_21_B9,No Amp,Problem-light,Noisy Baseline
g000041_FluAB_FAM_25_C1,No Amp,Clean,
g000041_FluAB_FAM_27_C3,No Amp,Problem-light,Noisy Baseline
g000041_FluAB_FAM_28_C4,No Amp,Problem-light,Noisy Baseline
g000041_FluAB_FAM_29_C5,No Amp,Problem-light,Noisy Baseline
g000041_FluAB_FAM_30_C6,No Amp,Problem-light,Noisy Baseline
g000041_FluAB_FAM_31_C7,No Amp,Problem-light,Noisy Baseline
g000041_FluAB_FAM_32_C8,No Amp,Problem-light,Noisy Baseline
g000041_RSVAB_ABY_33_C9,No Amp,Clean,
g000041_C19_VIC_33_C9,No Amp,Clean,
g000041_FluAB_FAM_34_C10,No Amp,Problem-light,Bubble
g000041_C19_VIC_34_C10,No Amp,Problem-light,Bubble
g000041_FluAB_FAM_37_D1,No Amp,Problem-light,Noisy Baseline
g000041_C19_VIC_37_D1,No Amp,Clean,
g000041_FluAB_FAM_41_D5,No Amp,Problem-light,Noisy Baseline
g000041_C19_VIC_41_D5,No Amp,Clean,
g000041_FluAB_FAM_42_D6,No Amp,Clean,
g000041_FluAB_FAM_43_D7,No Amp,Problem-light,Noisy Baseline
g000041_FluAB_FAM_46_D10,No Amp,Problem-light,Noisy Baseline
g000041_FluAB_FAM_49_E1,No Amp,Clean,
g000041_FluAB_FAM_52_E4,No Amp,Problem-light,Noisy Baseline
g000041_FluAB_FAM_53_E5,No Amp,Problem-light,Noisy Baseline
g000041_FluAB_FAM_54_E6,No Amp,Clean,
g000041_C19_VIC_54_E6,No Amp,Clean,
g000041_FluAB_FAM_55_E7,No Amp,Problem-light,Noisy Baseline
g000041_C19_VIC_56_E8,No Amp,Clean,
g000041_FluAB_FAM_58_E10,No Amp,Problem-light,Noisy Baseline
g000041_FluAB_FAM_61_F1,No Amp,Clean,
g000041_C19_VIC_61_F1,No Amp,Clean,
g000041_C19_VIC_63_F3,No Amp,Clean,
g000041_FluAB_FAM_64_F4,No Amp,Clean,
g000041_C19_VIC_65_F5,No Amp,Clean,
g000041_C19_VIC_67_F7,No Amp,Clean,
g000041_FluAB_FAM_68_F8,No Amp,Problem-light,Noisy Baseline
g000041_FluAB_FAM_70_F10,No Amp,Problem-light,Noisy Baseline
g000041_C19_VIC_74_G2,No Amp,Clean,
g000041_FluAB_FAM_75_G3,No Amp,Problem-light,Noisy Baseline
g000041_C19_VIC_75_G3,No Amp,Clean,
g000041_FluAB_FAM_76_G4,No Amp,Problem-light,Noisy Baseline
g000041_FluAB_FAM_78_G6,No Amp,Problem-light,Noisy Baseline
g000041_FluAB_FAM_80_G8,No Amp,Clean,
g000041_FluAB_FAM_84_G12,No Amp,Clean,
g000041_MS2_JUN_84_G12,No Amp,Clean,
g000042_C19_VIC_2_A2,No Amp,Clean,
g000042_C19_VIC_31_C7,No Amp,Clean,
g000043_C19_VIC_1_A1,No Amp,Clean,
g000043_C19_VIC_2_A2,No Amp,Clean,
g000043_FluAB_FAM_4_A4,No Amp,Clean,
g000043_C19_VIC_4_A4,No Amp,Clean,
g000043_C19_VIC_13_B1,No Amp,Clean,
g000043_FluAB_FAM_14_B2,No Amp,Problem-light,Bubble
g000043_C19_VIC_14_B2,No Amp,Problem-light,Bubble
g000043_FluAB_FAM_16_B4,No Amp,Problem-light,Baseline Issue
g000043_FluAB_FAM_20_B8,No Amp,Problem-light,Baseline Issue
g000043_FluAB_FAM_22_B10,No Amp,Problem-light,Baseline Issue
g000043_FluAB_FAM_26_C2,No Amp,Problem-light,Baseline Issue
g000043_FluAB_FAM_27_C3,No Amp,Problem-light,Baseline Issue
g000043_FluAB_FAM_28_C4,No Amp,Problem-light,Baseline Issue
g000043_RSVAB_ABY_31_C7,No Amp,Problem-light,Bubble
g000043_FluAB_FAM_31_C7,No Amp,Problem-light,Bubble
g000043_C19_VIC_31_C7,No Amp,Problem-light,Bubble
g000043_FluAB_FAM_32_C8,No Amp,Clean,
g000043_C19_VIC_37_D1,No Amp,Clean,
g000043_C19_VIC_38_D2,No Amp,Clean,
g000043_FluAB_FAM_40_D4,No Amp,Problem-light,Baseline Issue
g000043_FluAB_FAM_44_D8,No Amp,Clean,
g000043_FluAB_FAM_45_D9,No Amp,Clean,
g000043_FluAB_FAM_46_D10,No Amp,Problem-light,Bubble
g000043_FluAB_FAM_51_E3,No Amp,Clean,
g000043_FluAB_FAM_52_E4,No Amp,Problem-light,Baseline Issue
g000043_FluAB_FAM_54_E6,No Amp,Clean,
g000043_FluAB_FAM_55_E7,No Amp,Clean,
g000043_C19_VIC_55_E7,No Amp,Clean,
g000043_FluAB_FAM_56_E8,No Amp,Clean,
g000043_FluAB_FAM_58_E10,No Amp,Problem-light,Baseline Issue
g000043_FluAB_FAM_64_F4,No Amp,Clean,
g000043_FluAB_FAM_66_F6,No Amp,Clean,
g000043_C19_VIC_67_F7,No Amp,Clean,
g000043_FluAB_FAM_69_F9,No Amp,Clean,
g000043_C19_VIC_74_G2,No Amp,Clean,
g000043_FluAB_FAM_75_G3,No Amp,Problem-light,Baseline Issue
g000043_FluAB_FAM_76_G4,No Amp,Clean,
g000043_RSVAB_ABY_84_G12,No Amp,Clean,
g000043_FluAB_FAM_84_G12,No Amp,Clean,
g000043_MS2_JUN_84_G12,No Amp,Clean,
g000043_C19_VIC_84_G12,No Amp,Clean,
g000044_FluAB_FAM_2_A2,No Amp,Clean,
g000044_FluAB_FAM_21_B9,No Amp,Clean,
g000044_FluAB_FAM_22_B10,No Amp,Clean,
g000044_C19_VIC_26_C2,No Amp,Clean,
g000044_FluAB_FAM_70_F10,No Amp,Clean,
g000044_RSVAB_ABY_84_G12,No Amp,Clean,
g000045_C19_VIC_13_B1,No Amp,Clean,
g000045_FluAB_FAM_39_D3,No Amp,Clean,
g000045_C19_VIC_61_F1,No Amp,Clean,
g000045_MS2_JUN_84_G12,No Amp,Clean,
g000046_FluAB_FAM_28_B4,No Amp,Clean,
g000046_FluAB_FAM_30_B6,No Amp,Clean,
g000046_RSVAB_ABY_74_D2,No Amp,Problem-light,Baseline Issue
g000046_MS2_JUN_95_D23,No Amp,Clean,
g000046_C19_VIC_148_G4,No Amp,Problem-light,Baseline Issue
g000046_C19_VIC_244_K4,No Amp,Problem-light,Baseline Issue
g000046_C19_VIC_263_K23,No Amp,Problem-light,Baseline Issue
g000047_FluAB_FAM_2_A2,No Amp,Clean,
g000047_C19_VIC_2_A2,No Amp,Clean,
g000047_FluAB_FAM_4_A4,No Amp,Clean,
g000047_C19_VIC_4_A4,No Amp,Clean,
g000047_C19_VIC_13_B1,No Amp,Clean,
g000047_FluAB_FAM_14_B2,No Amp,Clean,
g000047_C19_VIC_14_B2,No Amp,Clean,
g000047_FluAB_FAM_15_B3,No Amp,Clean,
g000047_FluAB_FAM_16_B4,No Amp,Clean,
g000047_FluAB_FAM_17_B5,No Amp,Clean,
g000047_C19_VIC_18_B6,No Amp,Clean,
g000047_C19_VIC_19_B7,No Amp,Clean,
g000047_FluAB_FAM_20_B8,No Amp,Clean,
g000047_FluAB_FAM_21_B9,No Amp,Clean,
g000047_C19_VIC_21_B9,No Amp,Clean,
g000047_FluAB_FAM_22_B10,No Amp,Clean,
g000047_C19_VIC_22_B10,No Amp,Clean,
g000047_FluAB_FAM_25_C1,No Amp,Clean,
g000047_C19_VIC_25_C1,No Amp,Clean,
g000047_C19_VIC_26_C2,No Amp,Clean,
g000047_FluAB_FAM_27_C3,No Amp,Clean,
g000047_RSVAB_ABY_28_C4,No Amp,Clean,
g000047_FluAB_FAM_28_C4,No Amp,Clean,
g000047_FluAB_FAM_29_C5,No Amp,Clean,
g000047_FluAB_FAM_32_C8,No Amp,Clean,
g000047_FluAB_FAM_33_C9,No Amp,Clean,
g000047_FluAB_FAM_34_C10,No Amp,Clean,
g000047_C19_VIC_34_C10,No Amp,Clean,
g000047_C19_VIC_37_D1,No Amp,Clean,
g000047_FluAB_FAM_40_D4,No Amp,Clean,
g000047_FluAB_FAM_43_D7,No Amp,Clean,
g000047_FluAB_FAM_44_D8,No Amp,Clean,
g000047_FluAB_FAM_45_D9,No Amp,Clean,
g000047_C19_VIC_45_D9,No Amp,Clean,
g000047_FluAB_FAM_52_E4,No Amp,Clean,
g000047_C19_VIC_55_E7,No Amp,Clean,
g000047_FluAB_FAM_58_E10,No Amp,Clean,
g000047_C19_VIC_58_E10,No Amp,Clean,
g000047_FluAB_FAM_62_F2,No Amp,Clean,
g000047_FluAB_FAM_63_F3,No Amp,Clean,
g000047_FluAB_FAM_64_F4,No Amp,Clean,
g000047_FluAB_FAM_65_F5,No Amp,Clean,
g000047_C19_VIC_66_F6,No Amp,Clean,
g000047_FluAB_FAM_67_F7,No Amp,Clean,
g000047_FluAB_FAM_68_F8,No Amp,Clean,
g000047_FluAB_FAM_74_G2,No Amp,Clean,
g000047_C19_VIC_74_G2,No Amp,Clean,
g000047_FluAB_FAM_77_G5,No Amp,Clean,
g000047_FluAB_FAM_79_G7,No Amp,Clean,
g000047_FluAB_FAM_81_G9,No Amp,Clean,
g000047_FluAB_FAM_82_G10,No Amp,Clean,
g000047_RSVAB_ABY_84_G12,No Amp,Clean,
g000047_MS2_JUN_84_G12,No Amp,Clean,
g000048_FluAB_FAM_28_B4,No Amp,Problem-light,Baseline Issue
g000048_FluAB_FAM_76_D4,No Amp,Problem-light,Baseline Issue
g000048_FluAB_FAM_78_D6,No Amp,Problem-light,Baseline Issue
g000048_FluAB_FAM_80_D8,No Amp,Problem-light,Baseline Issue
g000048_FluAB_FAM_86_D14,No Amp,Problem-light,Baseline Issue
g000048_MS2_JUN_95_D23,No Amp,Problem-light,Baseline Issue
g000048_FluAB_FAM_146_G2,No Amp,Problem-light,Baseline Issue
g000048_FluAB_FAM_148_G4,No Amp,Problem-light,Baseline Issue
g000049_C19_VIC_1_A1,No Amp,Clean,
g000049_FluAB_FAM_3_A3,No Amp,Problem-light,Noisy Baseline
g000049_FluAB_FAM_4_A4,No Amp,Problem-light,Noisy Baseline
g000049_C19_VIC_4_A4,No Amp,Clean,
g000049_RSVAB_ABY_14_B2,No Amp,Clean,
g000049_C19_VIC_14_B2,No Amp,Clean,
g000049_FluAB_FAM_16_B4,No Amp,Problem-light,Noisy Baseline
g000049_FluAB_FAM_17_B5,No Amp,Problem-light,Noisy Baseline
g000049_FluAB_FAM_18_B6,No Amp,Problem-light,Noisy Baseline
g000049_FluAB_FAM_19_B7,No Amp,Problem-light,Noisy Baseline
g000049_C19_VIC_19_B7,No Amp,Clean,
g000049_FluAB_FAM_21_B9,No Amp,Problem-light,Noisy Baseline
g000049_C19_VIC_21_B9,No Amp,Clean,
g000049_FluAB_FAM_27_C3,No Amp,Problem-light,Noisy Baseline
g000049_RSVAB_ABY_28_C4,No Amp,Clean,
g000049_FluAB_FAM_28_C4,No Amp,Problem-light,Noisy Baseline
g000049_C19_VIC_28_C4,No Amp,Clean,
g000049_FluAB_FAM_29_C5,No Amp,Problem-light,Noisy Baseline
g000049_C19_VIC_29_C5,No Amp,Clean,
g000049_FluAB_FAM_30_C6,No Amp,Problem-light,Noisy Baseline
g000049_FluAB_FAM_32_C8,No Amp,Problem-light,Noisy Baseline
g000049_FluAB_FAM_33_C9,No Amp,Problem-light,Noisy Baseline
g000049_C19_VIC_33_C9,No Amp,Clean,
g000049_C19_VIC_37_D1,No Amp,Clean,
g000049_C19_VIC_38_D2,No Amp,Clean,
g000049_C19_VIC_39_D3,No Amp,Clean,
g000049_C19_VIC_40_D4,No Amp,Clean,
g000049_C19_VIC_44_D8,No Amp,Clean,
g000049_C19_VIC_45_D9,No Amp,Clean,
g000049_C19_VIC_52_E4,No Amp,Clean,
g000049_C19_VIC_53_E5,No Amp,Clean,
g000049_FluAB_FAM_57_E9,No Amp,Problem-light,Noisy Baseline
g000049_FluAB_FAM_58_E10,No Amp,Problem-light,Noisy Baseline
g000049_C19_VIC_58_E10,No Amp,Clean,
g000049_C19_VIC_61_F1,No Amp,Clean,
g000049_C19_VIC_63_F3,No Amp,Clean,
g000049_C19_VIC_65_F5,No Amp,Clean,
g000049_C19_VIC_77_G5,No Amp,Clean,
g000049_C19_VIC_79_G7,No Amp,Clean,
g000049_C19_VIC_80_G8,No Amp,Clean,
g000049_RSVAB_ABY_84_G12,No Amp,Clean,
g000049_FluAB_FAM_84_G12,No Amp,Problem-light,Noisy Baseline
g000050_C19_VIC_26_B2,No Amp,Clean,
g000050_C19_VIC_74_D2,No Amp,Clean,
g000050_C19_VIC_98_E2,No Amp,Clean,
g000050_C19_VIC_146_G2,No Amp,Clean,
g000050_C19_VIC_148_G4,No Amp,Clean,
g000050_C19_VIC_170_H2,No Amp,Clean,
g000050_C19_VIC_218_J2,No Amp,Clean,
g000050_C19_VIC_242_K2,No Amp,Clean,
g000051_FluAB_FAM_1_A1,No Amp,Clean,
g000051_FluAB_FAM_4_A4,No Amp,Clean,
g000051_C19_VIC_4_A4,No Amp,Clean,
g000051_FluAB_FAM_13_B1,No Amp,Clean,
g000051_FluAB_FAM_14_B2,No Amp,Clean,
g000051_C19_VIC_14_B2,No Amp,Clean,
g000051_FluAB_FAM_15_B3,No Amp,Clean,
g000051_RSVAB_ABY_16_B4,No Amp,Clean,
g000051_C19_VIC_16_B4,No Amp,Clean,
g000051_FluAB_FAM_17_B5,No Amp,Clean,
g000051_FluAB_FAM_18_B6,No Amp,Clean,
g000051_FluAB_FAM_20_B8,No Amp,Clean,
g000051_FluAB_FAM_21_B9,No Amp,Problem-light,Bubble
g000051_FluAB_FAM_22_B10,No Amp,Clean,
g000051_FluAB_FAM_27_C3,No Amp,Clean,
g000051_FluAB_FAM_29_C5,No Amp,Clean,
g000051_FluAB_FAM_30_C6,No Amp,Clean,
g000051_FluAB_FAM_33_C9,No Amp,Clean,
g000051_FluAB_FAM_37_D1,No Amp,Clean,
g000051_FluAB_FAM_40_D4,No Amp,Clean,
g000051_FluAB_FAM_42_D6,No Amp,Clean,
g000051_FluAB_FAM_43_D7,No Amp,Clean,
g000051_FluAB_FAM_46_D10,No Amp,Clean,
g000051_FluAB_FAM_49_E1,No Amp,Clean,
g000051_FluAB_FAM_50_E2,No Amp,Clean,
g000051_FluAB_FAM_51_E3,No Amp,Problem-light,Noisy Baseline
g000051_FluAB_FAM_54_E6,No Amp,Clean,
g000051_FluAB_FAM_55_E7,No Amp,Clean,
g000051_FluAB_FAM_56_E8,No Amp,Problem-light,Noisy Baseline
g000051_FluAB_FAM_61_F1,No Amp,Clean,
g000051_FluAB_FAM_63_F3,No Amp,Clean,
g000051_FluAB_FAM_65_F5,No Amp,Clean,
g000051_FluAB_FAM_68_F8,No Amp,Clean,
g000051_FluAB_FAM_69_F9,No Amp,Clean,
g000051_FluAB_FAM_74_G2,No Amp,Clean,
g000051_FluAB_FAM_76_G4,No Amp,Clean,
g000051_FluAB_FAM_78_G6,No Amp,Clean,
g000051_FluAB_FAM_80_G8,No Amp,Clean,
g000051_FluAB_FAM_81_G9,No Amp,Clean,
g000051_RSVAB_ABY_84_G12,No Amp,Clean,
g000051_FluAB_FAM_84_G12,No Amp,Clean,
g000052_FluAB_FAM_74_D2,No Amp,Clean,
g000052_FluAB_FAM_76_D4,No Amp,Clean,
g000052_C19_VIC_76_D4,No Amp,Clean,
g000052_FluAB_FAM_98_E2,No Amp,Clean,
g000052_FluAB_FAM_263_K23,No Amp,Clean,
g000052_C19_VIC_263_K23,No Amp,Clean,
g000053_FluAB_FAM_1_A1,No Amp,Clean,
g000053_C19_VIC_1_A1,No Amp,Clean,
g000053_RSVAB_ABY_2_A2,No Amp,Clean,
g000053_FluAB_FAM_2_A2,No Amp,Clean,
g000053_C19_VIC_2_A2,No Amp,Clean,
g000053_FluAB_FAM_3_A3,No Amp,Clean,
g000053_C19_VIC_3_A3,No Amp,Clean,
g000053_C19_VIC_4_A4,No Amp,Clean,
g000053_RSVAB_ABY_13_B1,No Amp,Clean,
g000053_FluAB_FAM_13_B1,No Amp,Clean,
g000053_C19_VIC_14_B2,No Amp,Clean,
g000053_C19_VIC_15_B3,No Amp,Clean,
g000053_C19_VIC_17_B5,No Amp,Clean,
g000053_C19_VIC_18_B6,No Amp,Clean,
g000053_C19_VIC_19_B7,No Amp,Clean,
g000053_C19_VIC_20_B8,No Amp,Clean,
g000053_C19_VIC_21_B9,No Amp,Clean,
g000053_C19_VIC_22_B10,No Amp,Clean,
g000053_MS2_JUN_24_B12,No Amp,Clean,
g000053_C19_VIC_25_C1,No Amp,Clean,
g000053_RSVAB_ABY_26_C2,No Amp,Clean,
g000053_C19_VIC_26_C2,No Amp,Clean,
g000053_C19_VIC_28_C4,No Amp,Clean,
g000053_C19_VIC_30_C6,No Amp,Clean,
g000053_C19_VIC_31_C7,No Amp,Clean,
g000053_RSVAB_ABY_32_C8,No Amp,Clean,
g000053_C19_VIC_33_C9,No Amp,Clean,
g000053_RSVAB_ABY_34_C10,No Amp,Clean,
g000053_C19_VIC_38_D2,No Amp,Clean,
g000053_RSVAB_ABY_39_D3,No Amp,Clean,
g000053_C19_VIC_40_D4,No Amp,Clean,
g000053_C19_VIC_41_D5,No Amp,Clean,
g000053_C19_VIC_42_D6,No Amp,Clean,
g000053_C19_VIC_43_D7,No Amp,Clean,
g000053_RSVAB_ABY_44_D8,No Amp,Clean,
g000053_C19_VIC_44_D8,No Amp,Clean,
g000053_RSVAB_ABY_45_D9,No Amp,Clean,
g000053_C19_VIC_45_D9,No Amp,Clean,
g000053_C19_VIC_46_D10,No Amp,Clean,
g000053_C19_VIC_51_E3,No Amp,Clean,
g000053_C19_VIC_52_E4,No Amp,Clean,
g000053_C19_VIC_53_E5,No Amp,Clean,
g000053_C19_VIC_54_E6,No Amp,Clean,
g000053_C19_VIC_55_E7,No Amp,Clean,
g000053_C19_VIC_56_E8,No Amp,Clean,
g000053_C19_VIC_57_E9,No Amp,Clean,
g000053_C19_VIC_58_E10,No Amp,Clean,
g000053_RSVAB_ABY_61_F1,No Amp,Clean,
g000053_C19_VIC_62_F2,No Amp,Clean,
g000053_C19_VIC_65_F5,No Amp,Clean,
g000053_C19_VIC_66_F6,No Amp,Clean,
g000053_RSVAB_ABY_67_F7,No Amp,Clean,
g000053_C19_VIC_67_F7,No Amp,Clean,
g000053_C19_VIC_68_F8,No Amp,Clean,
g000053_RSVAB_ABY_73_G1,No Amp,Clean,
g000053_C19_VIC_73_G1,No Amp,Clean,
g000053_C19_VIC_76_G4,No Amp,Clean,
g000053_C19_VIC_79_G7,No Amp,Clean,
g000053_C19_VIC_80_G8,No Amp,Clean,
g000053_C19_VIC_81_G9,No Amp,Clean,
g000053_MS2_JUN_84_G12,No Amp,Clean,
g000054_FluAB_FAM_1_A1,No Amp,Clean,
g000054_C19_VIC_1_A1,No Amp,Clean,
g000054_FluAB_FAM_2_A2,No Amp,Clean,
g000054_FluAB_FAM_6_A6,No Amp,Clean,
g000054_FluAB_FAM_7_A7,No Amp,Clean,
g000054_C19_VIC_11_A11,No Amp,Clean,
g000054_FluAB_FAM_12_A12,No Amp,Clean,
g000054_FluAB_FAM_13_B1,No Amp,Clean,
g000054_FluAB_FAM_17_B5,No Amp,Problem-light,Baseline Issue
g000054_FluAB_FAM_20_B8,No Amp,Clean,
g000054_FluAB_FAM_21_B9,No Amp,Clean,
g000054_FluAB_FAM_22_B10,No Amp,Clean,
g000054_FluAB_FAM_23_B11,No Amp,Problem-light,Bubble
g000054_C19_VIC_23_B11,No Amp,Problem-light,Bubble
g000054_C19_VIC_25_C1,No Amp,Clean,
g000054_C19_VIC_26_C2,No Amp,Clean,
g000054_FluAB_FAM_28_C4,No Amp,Clean,
g000054_FluAB_FAM_30_C6,No Amp,Clean,
g000054_FluAB_FAM_32_C8,No Amp,Clean,
g000054_FluAB_FAM_33_C9,No Amp,Clean,
g000054_C19_VIC_33_C9,No Amp,Clean,
g000054_FluAB_FAM_34_C10,No Amp,Clean,
g000054_FluAB_FAM_37_D1,No Amp,Clean,
g000054_FluAB_FAM_38_D2,No Amp,Clean,
g000054_C19_VIC_40_D4,No Amp,Clean,
g000054_FluAB_FAM_41_D5,No Amp,Clean,
g000054_C19_VIC_42_D6,No Amp,Clean,
g000054_FluAB_FAM_43_D7,No Amp,Clean,
g000054_C19_VIC_43_D7,No Amp,Clean,
g000054_FluAB_FAM_44_D8,No Amp,Clean,
g000054_C19_VIC_45_D9,No Amp,Clean,
g000054_C19_VIC_48_D12,No Amp,Clean,
g000054_C19_VIC_49_E1,No Amp,Clean,
g000054_FluAB_FAM_51_E3,No Amp,Clean,
g000054_C19_VIC_52_E4,No Amp,Clean,
g000054_FluAB_FAM_54_E6,No Amp,Clean,
g000054_C19_VIC_54_E6,No Amp,Clean,
g000054_C19_VIC_55_E7,No Amp,Clean,
g000054_C19_VIC_56_E8,No Amp,Clean,
g000054_FluAB_FAM_57_E9,No Amp,Clean,
g000054_FluAB_FAM_62_F2,No Amp,Clean,
g000054_FluAB_FAM_63_F3,No Amp,Clean,
g000054_FluAB_FAM_64_F4,No Amp,Clean,
g000054_C19_VIC_64_F4,No Amp,Clean,
g000054_FluAB_FAM_65_F5,No Amp,Clean,
g000054_FluAB_FAM_66_F6,No Amp,Clean,
g000054_FluAB_FAM_67_F7,No Amp,Clean,
g000054_FluAB_FAM_68_F8,No Amp,Clean,
g000054_C19_VIC_68_F8,No Amp,Clean,
g000054_FluAB_FAM_69_F9,No Amp,Problem-light,Noisy Baseline
g000054_C19_VIC_69_F9,No Amp,Problem-light,Noisy Baseline
g000054_C19_VIC_70_F10,No Amp,Clean,
g000054_FluAB_FAM_73_G1,No Amp,Clean,
g000054_C19_VIC_73_G1,No Amp,Clean,
g000054_RSVAB_ABY_75_G3,No Amp,Problem-light,Bubble
g000054_FluAB_FAM_75_G3,No Amp,Problem-light,Bubble
g000054_FluAB_FAM_85_H1,No Amp,Clean,
g000054_C19_VIC_85_H1,No Amp,Clean,
g000055_FluAB_FAM_2_A2,No Amp,Clean,
g000055_FluAB_FAM_4_A4,No Amp,Clean,
g000055_FluAB_FAM_8_A8,No Amp,Clean,
g000055_FluAB_FAM_9_A9,No Amp,Clean,
g000055_C19_VIC_9_A9,No Amp,Clean,
g000055_FluAB_FAM_11_A11,No Amp,Clean,
g000055_FluAB_FAM_12_A12,No Amp,Clean,
g000055_C19_VIC_12_A12,No Amp,Clean,
g000055_C19_VIC_13_B1,No Amp,Clean,
g000055_FluAB_FAM_14_B2,No Amp,Clean,
g000055_FluAB_FAM_16_B4,No Amp,Problem-light,Noisy Baseline
g000055_FluAB_FAM_17_B5,No Amp,Clean,
g000055_FluAB_FAM_19_B7,No Amp,Clean,
g000055_FluAB_FAM_20_B8,No Amp,Clean,
g000055_FluAB_FAM_21_B9,No Amp,Clean,
g000055_FluAB_FAM_23_B11,No Amp,Clean,
g000055_FluAB_FAM_27_C3,No Amp,Problem-light,Baseline Issue
g000055_FluAB_FAM_28_C4,No Amp,Problem-light,Bubble
g000055_C19_VIC_28_C4,No Amp,Problem-light,Bubble
g000055_FluAB_FAM_31_C7,No Amp,Problem-light,Bubble
g000055_C19_VIC_32_C8,No Amp,Clean,
g000055_C19_VIC_33_C9,No Amp,Problem-light,Bubble
g000055_FluAB_FAM_34_C10,No Amp,Problem-light,Bubble
g000055_C19_VIC_34_C10,No Amp,Problem-light,Bubble
g000055_FluAB_FAM_40_D4,No Amp,Clean,
g000055_FluAB_FAM_44_D8,No Amp,Clean,
g000055_FluAB_FAM_45_D9,No Amp,Clean,
g000055_C19_VIC_45_D9,No Amp,Clean,
g000055_FluAB_FAM_46_D10,No Amp,Problem-light,Bubble
g000055_C19_VIC_46_D10,No Amp,Problem-light,Bubble
g000055_C19_VIC_48_D12,No Amp,Clean,
g000055_C19_VIC_52_E4,No Amp,Clean,
g000055_FluAB_FAM_54_E6,No Amp,Problem-light,Baseline Issue
g000055_FluAB_FAM_55_E7,No Amp,Clean,
g000055_RSVAB_ABY_58_E10,No Amp,Problem-light,Bubble
g000055_FluAB_FAM_58_E10,No Amp,Problem-light,Bubble
g000055_FluAB_FAM_60_E12,No Amp,Clean,
g000055_FluAB_FAM_63_F3,No Amp,Clean,
g000055_FluAB_FAM_64_F4,No Amp,Clean,
g000055_C19_VIC_64_F4,No Amp,Clean,
g000055_FluAB_FAM_66_F6,No Amp,Clean,
g000055_C19_VIC_68_F8,No Amp,Clean,
g000055_FluAB_FAM_69_F9,No Amp,Problem-light,Bubble
g000055_RSVAB_ABY_70_F10,No Amp,Problem-light,Bubble
g000055_FluAB_FAM_70_F10,No Amp,Problem-light,Bubble
g000055_FluAB_FAM_73_G1,No Amp,Clean,
g000055_FluAB_FAM_75_G3,No Amp,Clean,
g000055_FluAB_FAM_76_G4,No Amp,Problem-light,Bubble
g000055_C19_VIC_76_G4,No Amp,Problem-light,Bubble
g000055_RSVAB_ABY_85_H1,No Amp,Clean,
g000055_FluAB_FAM_85_H1,No Amp,Clean,
g000055_MS2_JUN_85_H1,No Amp,Clean,
g000055_C19_VIC_85_H1,No Amp,Clean,
g000056_C19_VIC_11_A11,No Amp,Clean,
g000056_C19_VIC_13_B1,No Amp,Clean,
g000056_C19_VIC_16_B4,No Amp,Clean,
g000056_C19_VIC_17_B5,No Amp,Problem-light,Bubble
g000056_C19_VIC_18_B6,No Amp,Clean,
g000056_RSVAB_ABY_20_B8,No Amp,Problem-light,Bubble
g000056_C19_VIC_20_B8,No Amp,Problem-light,Bubble
g000056_C19_VIC_23_B11,No Amp,Clean,
g000056_C19_VIC_26_C2,No Amp,Clean,
g000056_C19_VIC_27_C3,No Amp,Clean,
g000056_FluAB_FAM_28_C4,No Amp,Clean,
g000056_C19_VIC_31_C7,No Amp,Clean,
g000056_C19_VIC_32_C8,No Amp,Clean,
g000056_C19_VIC_33_C9,No Amp,Problem-light,Bubble
g000056_C19_VIC_39_D3,No Amp,Clean,
g000056_C19_VIC_42_D6,No Amp,Clean,
g000056_C19_VIC_44_D8,No Amp,Clean,
g000056_C19_VIC_45_D9,No Amp,Clean,
g000056_FluAB_FAM_49_E1,No Amp,Clean,
g000056_C19_VIC_53_E5,No Amp,Clean,
g000056_FluAB_FAM_54_E6,No Amp,Clean,
g000056_C19_VIC_54_E6,No Amp,Clean,
g000056_FluAB_FAM_56_E8,No Amp,Clean,
g000056_FluAB_FAM_57_E9,No Amp,Clean,
g000056_C19_VIC_57_E9,No Amp,Clean,
g000056_FluAB_FAM_58_E10,No Amp,Problem-light,Baseline Issue
g000056_C19_VIC_58_E10,No Amp,Clean,
g000056_FluAB_FAM_59_E11,No Amp,Problem-light,Bubble
g000056_C19_VIC_59_E11,No Amp,Problem-light,Bubble
g000056_FluAB_FAM_60_E12,No Amp,Problem-light,Baseline Issue
g000056_FluAB_FAM_61_F1,No Amp,Problem-light,Bubble
g000056_FluAB_FAM_62_F2,No Amp,Problem-light,Baseline Issue
g000056_C19_VIC_62_F2,No Amp,Clean,
g000056_C19_VIC_63_F3,No Amp,Clean,
g000056_FluAB_FAM_64_F4,No Amp,Problem-light,Bubble
g000056_FluAB_FAM_65_F5,No Amp,Problem-light,Baseline Issue
g000056_C19_VIC_65_F5,No Amp,Clean,
g000056_FluAB_FAM_68_F8,No Amp,Problem-light,Baseline Issue
g000056_FluAB_FAM_70_F10,No Amp,Problem-light,Bubble
g000056_C19_VIC_70_F10,No Amp,Problem-light,Bubble
g000056_FluAB_FAM_73_G1,No Amp,Clean,
g000056_C19_VIC_73_G1,No Amp,Clean,
g000056_FluAB_FAM_75_G3,No Amp,Problem-light,Baseline Issue
g000056_MS2_JUN_85_H1,No Amp,Clean,
g000057_FluAB_FAM_4_A4,No Amp,Problem-light,Baseline Issue
g000057_FluAB_FAM_7_A7,No Amp,Clean,
g000057_FluAB_FAM_9_A9,No Amp,Clean,
g000057_FluAB_FAM_15_B3,No Amp,Problem-light,Baseline Issue
g000057_FluAB_FAM_16_B4,No Amp,Problem-light,Baseline Issue
g000057_FluAB_FAM_18_B6,No Amp,Problem-light,Baseline Issue
g000057_FluAB_FAM_19_B7,No Amp,Problem-light,Baseline Issue
g000057_FluAB_FAM_20_B8,No Amp,Problem-light,Baseline Issue
g000057_FluAB_FAM_21_B9,No Amp,Problem-light,Baseline Issue
g000057_FluAB_FAM_22_B10,No Amp,Problem-light,Baseline Issue
g000057_FluAB_FAM_25_C1,No Amp,Clean,
g000057_FluAB_FAM_27_C3,No Amp,Problem-light,Baseline Issue
g000057_FluAB_FAM_30_C6,No Amp,Clean,
g000057_C19_VIC_30_C6,No Amp,Clean,
g000057_FluAB_FAM_31_C7,No Amp,Problem-light,Baseline Issue
g000057_FluAB_FAM_32_C8,No Amp,Clean,
g000057_FluAB_FAM_33_C9,No Amp,Clean,
g000057_FluAB_FAM_36_C12,No Amp,Clean,
g000057_FluAB_FAM_37_D1,No Amp,Problem-light,Baseline Issue
g000057_FluAB_FAM_38_D2,No Amp,Clean,
g000057_FluAB_FAM_40_D4,No Amp,Problem-light,Baseline Issue
g000057_FluAB_FAM_42_D6,No Amp,Clean,
g000057_FluAB_FAM_43_D7,No Amp,Clean,
g000057_FluAB_FAM_44_D8,No Amp,Clean,
g000057_FluAB_FAM_46_D10,No Amp,Problem-light,Bubble
g000057_FluAB_FAM_47_D11,No Amp,Clean,
g000057_FluAB_FAM_48_D12,No Amp,Problem-light,Baseline Issue
g000057_FluAB_FAM_50_E2,No Amp,Problem-light,Baseline Issue
g000057_FluAB_FAM_51_E3,No Amp,Problem-light,Bubble
g000057_C19_VIC_51_E3,No Amp,Problem-light,Bubble
g000057_FluAB_FAM_52_E4,No Amp,Problem-light,Baseline Issue
g000057_RSVAB_ABY_53_E5,No Amp,Clean,
g000057_FluAB_FAM_53_E5,No Amp,Problem-light,Baseline Issue
g000057_FluAB_FAM_54_E6,No Amp,Problem-light,Baseline Issue
g000057_FluAB_FAM_55_E7,No Amp,Clean,
g000057_FluAB_FAM_56_E8,No Amp,Problem-light,Baseline Issue
g000057_C19_VIC_56_E8,No Amp,Clean,
g000057_FluAB_FAM_59_E11,No Amp,Problem-light,Baseline Issue
g000057_FluAB_FAM_64_F4,No Amp,Clean,
g000057_C19_VIC_64_F4,No Amp,Clean,
g000057_FluAB_FAM_66_F6,No Amp,Clean,
g000057_C19_VIC_66_F6,No Amp,Clean,
g000057_FluAB_FAM_67_F7,No Amp,Problem-light,Baseline Issue
g000057_FluAB_FAM_68_F8,No Amp,Clean,
g000057_FluAB_FAM_70_F10,No Amp,Problem-light,Baseline Issue
g000057_C19_VIC_70_F10,No Amp,Clean,
g000057_FluAB_FAM_71_F11,No Amp,Problem-light,Baseline Issue
g000057_FluAB_FAM_72_F12,No Amp,Problem-light,Baseline Issue
g000057_FluAB_FAM_73_G1,No Amp,Problem-light,Baseline Issue
g000057_FluAB_FAM_74_G2,No Amp,Problem-light,Baseline Issue
g000057_C19_VIC_74_G2,No Amp,Clean,
g000057_FluAB_FAM_75_G3,No Amp,Problem-light,Baseline Issue
g000057_C19_VIC_75_G3,No Amp,Clean,
g000057_FluAB_FAM_85_H1,No Amp,Clean,
g000058_C19_VIC_6_A6,No Amp,Clean,
g000058_C19_VIC_7_A7,No Amp,Clean,
g000058_C19_VIC_9_A9,No Amp,Clean,
g000058_C19_VIC_14_B2,No Amp,Clean,
g000058_C19_VIC_17_B5,No Amp,Clean,
g000058_C19_VIC_20_B8,No Amp,Problem-light,Bubble
g000058_C19_VIC_28_C4,No Amp,Clean,
g000058_C19_VIC_35_C11,No Amp,Clean,
g000058_C19_VIC_38_D2,No Amp,Clean,
g000058_C19_VIC_42_D6,No Amp,Clean,
g000058_C19_VIC_45_D9,No Amp,Clean,
g000058_C19_VIC_47_D11,No Amp,Clean,
g000058_C19_VIC_50_E2,No Amp,Clean,
g000058_C19_VIC_55_E7,No Amp,Clean,
g000058_C19_VIC_62_F2,No Amp,Clean,
g000058_C19_VIC_63_F3,No Amp,Clean,
g000058_C19_VIC_65_F5,No Amp,Clean,
g000058_C19_VIC_66_F6,No Amp,Clean,
g000058_FluAB_FAM_85_H1,No Amp,Clean,
g000058_MS2_JUN_85_H1,No Amp,Clean,
g000058_C19_VIC_85_H1,No Amp,Clean,
g000059_FluAB_FAM_1_A1,No Amp,Clean,
g000059_FluAB_FAM_2_A2,No Amp,Clean,
g000059_FluAB_FAM_8_A8,No Amp,Clean,
g000059_FluAB_FAM_13_B1,No Amp,Clean,
g000059_C19_VIC_14_B2,No Amp,Clean,
g000059_FluAB_FAM_16_B4,No Amp,Clean,
g000059_FluAB_FAM_18_B6,No Amp,Clean,
g000059_FluAB_FAM_20_B8,No Amp,Clean,
g000059_FluAB_FAM_21_B9,No Amp,Clean,
g000059_FluAB_FAM_22_B10,No Amp,Problem-light,Noisy Baseline
g000059_C19_VIC_24_B12,No Amp,Clean,
g000059_C19_VIC_25_C1,No Amp,Clean,
g000059_FluAB_FAM_26_C2,No Amp,Clean,
g000059_FluAB_FAM_28_C4,No Amp,Clean,
g000059_FluAB_FAM_29_C5,No Amp,Clean,
g000059_FluAB_FAM_30_C6,No Amp,Clean,
g000059_FluAB_FAM_31_C7,No Amp,Clean,
g000059_FluAB_FAM_32_C8,No Amp,Clean,
g000059_FluAB_FAM_33_C9,No Amp,Clean,
g000059_C19_VIC_35_C11,No Amp,Clean,
g000059_FluAB_FAM_39_D3,No Amp,Problem-light,Bubble
g000059_C19_VIC_39_D3,No Amp,Problem-light,Bubble
g000059_FluAB_FAM_41_D5,No Amp,Problem-light,Noisy Baseline
g000059_FluAB_FAM_42_D6,No Amp,Clean,
g000059_FluAB_FAM_43_D7,No Amp,Clean,
g000059_FluAB_FAM_44_D8,No Amp,Clean,
g000059_C19_VIC_44_D8,No Amp,Clean,
g000059_C19_VIC_45_D9,No Amp,Clean,
g000059_C19_VIC_46_D10,No Amp,Clean,
g000059_FluAB_FAM_48_D12,No Amp,Problem-light,Noisy Baseline
g000059_C19_VIC_48_D12,No Amp,Clean,
g000059_FluAB_FAM_51_E3,No Amp,Clean,
g000059_C19_VIC_51_E3,No Amp,Clean,
g000059_FluAB_FAM_52_E4,No Amp,Clean,
g000059_FluAB_FAM_53_E5,No Amp,Clean,
g000059_FluAB_FAM_55_E7,No Amp,Clean,
g000059_FluAB_FAM_56_E8,No Amp,Clean,
g000059_FluAB_FAM_57_E9,No Amp,Clean,
g000059_FluAB_FAM_59_E11,No Amp,Clean,
g000059_FluAB_FAM_61_F1,No Amp,Clean,
g000059_FluAB_FAM_63_F3,No Amp,Clean,
g000059_FluAB_FAM_64_F4,No Amp,Clean,
g000059_C19_VIC_65_F5,No Amp,Clean,
g000059_FluAB_FAM_66_F6,No Amp,Clean,
g000059_FluAB_FAM_68_F8,No Amp,Clean,
g000059_C19_VIC_68_F8,No Amp,Clean,
g000059_C19_VIC_73_G1,No Amp,Clean,
g000059_FluAB_FAM_74_G2,No Amp,Problem-light,Noisy Baseline
g000059_FluAB_FAM_75_G3,No Amp,Clean,
g000059_FluAB_FAM_85_H1,No Amp,Clean,
g000059_MS2_JUN_85_H1,No Amp,Clean,
g000060_C19_VIC_10_A10,No Amp,Clean,
g000060_C19_VIC_12_A12,No Amp,Clean,
g000060_C19_VIC_13_B1,No Amp,Clean,
g000060_C19_VIC_19_B7,No Amp,Clean,
g000060_C19_VIC_20_B8,No Amp,Clean,
g000060_C19_VIC_25_C1,No Amp,Clean,
g000060_C19_VIC_30_C6,No Amp,Clean,
g000060_C19_VIC_33_C9,No Amp,Clean,
g000060_C19_VIC_37_D1,No Amp,Clean,
g000060_C19_VIC_40_D4,No Amp,Problem-light,Bubble
g000060_C19_VIC_41_D5,No Amp,Clean,
g000060_FluAB_FAM_47_D11,No Amp,Clean,
g000060_FluAB_FAM_51_E3,No Amp,Clean,
g000060_FluAB_FAM_52_E4,No Amp,Problem-light,Noisy Baseline
g000060_RSVAB_ABY_58_E10,No Amp,Problem-light,Bubble
g000060_FluAB_FAM_58_E10,No Amp,Problem-light,Bubble
g000060_C19_VIC_58_E10,No Amp,Problem-light,Bubble
g000060_FluAB_FAM_59_E11,No Amp,Clean,
g000060_FluAB_FAM_62_F2,No Amp,Clean,
g000060_FluAB_FAM_68_F8,No Amp,Problem-light,Noisy Baseline
g000060_FluAB_FAM_69_F9,No Amp,Clean,
g000060_C19_VIC_69_F9,No Amp,Clean,
g000060_FluAB_FAM_70_F10,No Amp,Clean,
g000060_FluAB_FAM_71_F11,No Amp,Problem-light,Noisy Baseline
g000060_FluAB_FAM_73_G1,No Amp,Problem-light,Noisy Baseline
g000060_C19_VIC_73_G1,No Amp,Clean,
g000060_C19_VIC_76_G4,No Amp,Clean,
g000060_FluAB_FAM_85_H1,No Amp,Clean,
g000060_MS2_JUN_85_H1,No Amp,Clean,
g000060_C19_VIC_85_H1,No Amp,Clean,
g000061_C19_VIC_1_A1,No Amp,Clean,
g000061_C19_VIC_6_A6,No Amp,Clean,
g000061_C19_VIC_15_B3,No Amp,Clean,
g000061_C19_VIC_20_B8,No Amp,Problem-light,Bubble
g000061_C19_VIC_27_C3,No Amp,Clean,
g000061_C19_VIC_38_D2,No Amp,Clean,
g000061_C19_VIC_44_D8,No Amp,Clean,
g000061_RSVAB_ABY_46_D10,No Amp,Clean,
g000061_C19_VIC_46_D10,No Amp,Clean,
g000061_C19_VIC_47_D11,No Amp,Clean,
g000061_C19_VIC_50_E2,No Amp,Clean,
g000061_C19_VIC_52_E4,No Amp,Clean,
g000061_C19_VIC_53_E5,No Amp,Clean,
g000061_C19_VIC_58_E10,No Amp,Clean,
g000061_C19_VIC_65_F5,No Amp,Clean,
g000061_C19_VIC_69_F9,No Amp,Clean,
g000061_C19_VIC_74_G2,No Amp,Clean,
g000061_FluAB_FAM_75_G3,No Amp,Clean,
g000061_RSVAB_ABY_85_H1,No Amp,Clean,
g000061_FluAB_FAM_85_H1,No Amp,Clean,
g000061_MS2_JUN_85_H1,No Amp,Clean,
g000062_C19_VIC_2_A2,No Amp,Clean,
g000062_FluAB_FAM_5_A5,No Amp,Clean,
g000062_FluAB_FAM_6_A6,No Amp,Clean,
g000062_FluAB_FAM_9_A9,No Amp,Clean,
g000062_C19_VIC_13_B1,No Amp,Clean,
g000062_FluAB_FAM_14_B2,No Amp,Problem-light,Noisy Baseline
g000062_FluAB_FAM_16_B4,No Amp,Problem-light,Noisy Baseline
g000062_FluAB_FAM_17_B5,No Amp,Problem-light,Noisy Baseline
g000062_FluAB_FAM_19_B7,No Amp,Problem-light,Noisy Baseline
g000062_FluAB_FAM_29_C5,No Amp,Problem-light,Noisy Baseline
g000062_FluAB_FAM_34_C10,No Amp,Problem-light,Noisy Baseline
g000062_FluAB_FAM_36_C12,No Amp,Problem-light,Noisy Baseline
g000062_FluAB_FAM_42_D6,No Amp,Problem-light,Noisy Baseline
g000062_FluAB_FAM_43_D7,No Amp,Problem-light,Noisy Baseline
g000062_FluAB_FAM_44_D8,No Amp,Problem-light,Noisy Baseline
g000062_FluAB_FAM_45_D9,No Amp,Problem-light,Noisy Baseline
g000062_FluAB_FAM_48_D12,No Amp,Problem-light,Noisy Baseline
g000062_FluAB_FAM_52_E4,No Amp,Clean,
g000062_C19_VIC_52_E4,No Amp,Clean,
g000062_C19_VIC_56_E8,No Amp,Clean,
g000062_C19_VIC_60_E12,No Amp,Clean,
g000062_FluAB_FAM_64_F4,No Amp,Problem-light,Noisy Baseline
g000062_FluAB_FAM_68_F8,No Amp,Problem-light,Noisy Baseline
g000062_FluAB_FAM_69_F9,No Amp,Problem-light,Noisy Baseline
g000062_FluAB_FAM_72_F12,No Amp,Problem-light,Noisy Baseline
g000062_C19_VIC_74_G2,No Amp,Clean,
g000062_FluAB_FAM_75_G3,No Amp,Problem-light,Noisy Baseline
g000062_RSVAB_ABY_85_H1,No Amp,Clean,
g000062_C19_VIC_85_H1,No Amp,Clean,
g000063_FluAB_FAM_9_A9,No Amp,Clean,
g000063_MS2_JUN_85_H1,No Amp,Clean,
g000064_C19_VIC_5_A5,No Amp,Clean,
g000064_C19_VIC_6_A6,No Amp,Clean,
g000064_C19_VIC_9_A9,No Amp,Clean,
g000064_C19_VIC_25_C1,No Amp,Clean,
g000064_C19_VIC_27_C3,No Amp,Clean,
g000064_C19_VIC_28_C4,No Amp,Clean,
g000064_C19_VIC_29_C5,No Amp,Clean,
g000064_C19_VIC_40_D4,No Amp,Clean,
g000064_C19_VIC_45_D9,No Amp,Clean,
g000064_C19_VIC_53_E5,No Amp,Clean,
g000064_C19_VIC_56_E8,No Amp,Clean,
g000064_C19_VIC_62_F2,No Amp,Clean,
g000064_RSVAB_ABY_85_H1,No Amp,Clean,
g000064_FluAB_FAM_85_H1,No Amp,Clean,
g000064_MS2_JUN_85_H1,No Amp,Clean,
g000065_FluAB_FAM_1_A1,No Amp,Clean,
g000065_FluAB_FAM_5_A5,No Amp,Clean,
g000065_FluAB_FAM_7_A7,No Amp,Clean,
g000065_FluAB_FAM_8_A8,No Amp,Clean,
g000065_FluAB_FAM_16_B4,No Amp,Problem-light,Baseline Issue
g000065_FluAB_FAM_20_B8,No Amp,Clean,
g000065_C19_VIC_27_C3,No Amp,Clean,
g000065_FluAB_FAM_29_C5,No Amp,Clean,
g000065_FluAB_FAM_30_C6,No Amp,Clean,
g000065_FluAB_FAM_31_C7,No Amp,Clean,
g000065_FluAB_FAM_32_C8,No Amp,Clean,
g000065_FluAB_FAM_38_D2,No Amp,Problem-light,Bubble
g000065_C19_VIC_38_D2,No Amp,Clean,
g000065_FluAB_FAM_39_D3,No Amp,Problem-light,Bubble
g000065_C19_VIC_39_D3,No Amp,Problem-light,Bubble
g000065_FluAB_FAM_40_D4,No Amp,Clean,
g000065_C19_VIC_40_D4,No Amp,Clean,
g000065_FluAB_FAM_41_D5,No Amp,Clean,
g000065_FluAB_FAM_42_D6,No Amp,Problem-light,Bubble
g000065_C19_VIC_42_D6,No Amp,Problem-light,Bubble
g000065_FluAB_FAM_43_D7,No Amp,Clean,
g000065_FluAB_FAM_44_D8,No Amp,Clean,
g000065_FluAB_FAM_45_D9,No Amp,Clean,
g000065_FluAB_FAM_51_E3,No Amp,Problem-light,Baseline Issue
g000065_C19_VIC_51_E3,No Amp,Clean,
g000065_FluAB_FAM_54_E6,No Amp,Clean,
g000065_C19_VIC_56_E8,No Amp,Clean,
g000065_FluAB_FAM_58_E10,No Amp,Clean,
g000065_C19_VIC_61_F1,No Amp,Clean,
g000065_FluAB_FAM_62_F2,No Amp,Problem-light,Baseline Issue
g000065_C19_VIC_62_F2,No Amp,Clean,
g000065_RSVAB_ABY_63_F3,No Amp,Problem-light,Bubble
g000065_C19_VIC_64_F4,No Amp,Clean,
g000065_FluAB_FAM_65_F5,No Amp,Clean,
g000065_FluAB_FAM_66_F6,No Amp,Clean,
g000065_C19_VIC_66_F6,No Amp,Clean,
g000065_FluAB_FAM_67_F7,No Amp,Clean,
g000065_C19_VIC_69_F9,No Amp,Clean,
g000065_FluAB_FAM_70_F10,No Amp,Clean,
g000065_FluAB_FAM_76_G4,No Amp,Clean,
g000065_RSVAB_ABY_85_H1,No Amp,Clean,
g000065_MS2_JUN_85_H1,No Amp,Clean,
g000065_MS2_JUN_96_H12,No Amp,Clean,
g000066_C19_VIC_2_A2,No Amp,Clean,
g000066_C19_VIC_10_A10,No Amp,Clean,
g000067_FluAB_FAM_16_B4,No Amp,Clean,
g000067_FluAB_FAM_17_B5,No Amp,Problem-light,Baseline Issue
g000067_FluAB_FAM_18_B6,No Amp,Clean,
g000067_FluAB_FAM_20_B8,No Amp,Clean,
g000067_FluAB_FAM_27_C3,No Amp,Clean,
g000067_FluAB_FAM_28_C4,No Amp,Clean,
g000067_RSVAB_ABY_30_C6,No Amp,Problem-light,Baseline Issue
g000067_FluAB_FAM_30_C6,No Amp,Clean,
g000067_FluAB_FAM_32_C8,No Amp,Clean,
g000067_FluAB_FAM_37_D1,No Amp,Clean,
g000067_FluAB_FAM_44_D8,No Amp,Clean,
g000067_C19_VIC_50_E2,No Amp,Clean,
g000067_FluAB_FAM_54_E6,No Amp,Clean,
g000067_C19_VIC_54_E6,No Amp,Clean,
g000067_FluAB_FAM_55_E7,No Amp,Clean,
g000067_FluAB_FAM_57_E9,No Amp,Clean,
g000067_C19_VIC_57_E9,No Amp,Clean,
g000067_C19_VIC_58_E10,No Amp,Clean,
g000067_FluAB_FAM_61_F1,No Amp,Clean,
g000067_FluAB_FAM_63_F3,No Amp,Clean,
g000067_C19_VIC_63_F3,No Amp,Clean,
g000067_C19_VIC_66_F6,No Amp,Clean,
g000067_C19_VIC_68_F8,No Amp,Clean,
g000067_C19_VIC_71_F11,No Amp,Clean,
g000067_FluAB_FAM_73_G1,No Amp,Clean,
g000067_C19_VIC_73_G1,No Amp,Clean,
g000067_FluAB_FAM_85_H1,No Amp,Clean,
g000067_MS2_JUN_85_H1,No Amp,Clean,
g000067_C19_VIC_85_H1,No Amp,Clean,
g000068_C19_VIC_27_C3,NonAmp,Clean,
g000068_C19_VIC_45_D9,NonAmp,Clean,
g000068_C19_VIC_48_D12,NonAmp,Clean,
g000068_C19_VIC_53_E5,NonAmp,Clean,
g000068_C19_VIC_60_E12,NonAmp,Clean,
g000068_C19_VIC_61_F1,NonAmp,Clean,
g000068_C19_VIC_71_F11,NonAmp,Clean,
g000068_C19_VIC_72_F12,NonAmp,Clean,
g000068_C19_VIC_74_G2,NonAmp,Clean,
g000068_MS2_JUN_85_H1,NonAmp,Clean,
g000068_C19_VIC_85_H1,NonAmp,Clean,
g000069_FluAB_FAM_1_A1,No Amp,Clean,
g000069_FluAB_FAM_4_A4,No Amp,Clean,
g000069_FluAB_FAM_5_A5,No Amp,Clean,
g000069_FluAB_FAM_8_A8,No Amp,Clean,
g000069_FluAB_FAM_9_A9,No Amp,Clean,
g000069_FluAB_FAM_16_B4,No Amp,Clean,
g000069_FluAB_FAM_21_B9,No Amp,Clean,
g000069_FluAB_FAM_27_C3,No Amp,Clean,
g000069_FluAB_FAM_28_C4,No Amp,Clean,
g000069_FluAB_FAM_29_C5,No Amp,Clean,
g000069_FluAB_FAM_30_C6,No Amp,Clean,
g000069_FluAB_FAM_31_C7,No Amp,Clean,
g000069_FluAB_FAM_34_C10,No Amp,Clean,
g000069_FluAB_FAM_35_C11,No Amp,Clean,
g000069_FluAB_FAM_37_D1,No Amp,Clean,
g000069_FluAB_FAM_38_D2,No Amp,Clean,
g000069_FluAB_FAM_43_D7,No Amp,Clean,
g000069_FluAB_FAM_47_D11,No Amp,Clean,
g000069_C19_VIC_48_D12,No Amp,Clean,
g000069_C19_VIC_49_E1,No Amp,Clean,
g000069_FluAB_FAM_50_E2,No Amp,Clean,
g000069_C19_VIC_50_E2,No Amp,Clean,
g000069_FluAB_FAM_56_E8,No Amp,Problem-light,Noisy Baseline
g000069_C19_VIC_56_E8,No Amp,Problem-light,Baseline Issue
g000069_FluAB_FAM_57_E9,No Amp,Clean,
g000069_C19_VIC_60_E12,No Amp,Clean,
g000069_FluAB_FAM_62_F2,No Amp,Clean,
g000069_FluAB_FAM_63_F3,No Amp,Clean,
g000069_FluAB_FAM_64_F4,No Amp,Clean,
g000069_FluAB_FAM_65_F5,No Amp,Clean,
g000069_FluAB_FAM_66_F6,No Amp,Clean,
g000069_FluAB_FAM_70_F10,No Amp,Clean,
g000069_FluAB_FAM_71_F11,No Amp,Clean,
g000069_FluAB_FAM_72_F12,No Amp,Clean,
g000069_C19_VIC_72_F12,No Amp,Clean,
g000069_C19_VIC_73_G1,No Amp,Clean,
g000069_MS2_JUN_96_H12,No Amp,Clean,
g000070_C19_VIC_1_A1,No Amp,Clean,
g000070_C19_VIC_2_A2,No Amp,Clean,
g000070_FluAB_FAM_69_F9,No Amp,Problem-light,Noisy Baseline
g000070_FluAB_FAM_70_F10,No Amp,Problem-light,Bubble
g000070_C19_VIC_70_F10,No Amp,Problem-light,Bubble
g000070_C19_VIC_71_F11,No Amp,Clean,
g000070_C19_VIC_74_G2,No Amp,Clean,
g000070_RSVAB_ABY_85_H1,No Amp,Clean,
g000070_MS2_JUN_85_H1,No Amp,Clean,
g000070_C19_VIC_10_A10,No Amp,Clean,
g000070_C19_VIC_11_A11,No Amp,Clean,
g000070_C19_VIC_16_B4,No Amp,Clean,
g000070_C19_VIC_26_C2,No Amp,Clean,
g000070_FluAB_FAM_28_C4,No Amp,Clean,
g000070_C19_VIC_29_C5,No Amp,Clean,
g000070_C19_VIC_30_C6,No Amp,Clean,
g000070_FluAB_FAM_31_C7,No Amp,Problem-light,Noisy Baseline
g000070_C19_VIC_37_D1,No Amp,Clean,
g000070_C19_VIC_39_D3,No Amp,Clean,
g000070_C19_VIC_40_D4,No Amp,Clean,
g000070_C19_VIC_41_D5,No Amp,Clean,
g000070_C19_VIC_42_D6,No Amp,Clean,
g000070_C19_VIC_44_D8,No Amp,Clean,
g000070_RSVAB_ABY_46_D10,No Amp,Problem-light,Bubble
g000070_FluAB_FAM_46_D10,No Amp,Problem-light,Bubble
g000070_C19_VIC_51_E3,No Amp,Clean,
g000070_RSVAB_ABY_52_E4,No Amp,Clean,
g000070_C19_VIC_52_E4,No Amp,Clean,
g000070_FluAB_FAM_62_F2,No Amp,Clean,
g000070_FluAB_FAM_64_F4,No Amp,Problem-light,Noisy Baseline
g000070_C19_VIC_65_F5,No Amp,Clean,
g000070_FluAB_FAM_66_F6,No Amp,Clean,
g000070_C19_VIC_66_F6,No Amp,Clean,
g000070_FluAB_FAM_67_F7,No Amp,Clean,
g000070_C19_VIC_68_F8,No Amp,Clean,
g000071_FluAB_FAM_1_A1,No Amp,Clean,
g000071_FluAB_FAM_8_A8,No Amp,Clean,
g000071_FluAB_FAM_13_B1,No Amp,Clean,
g000071_C19_VIC_13_B1,No Amp,Clean,
g000071_FluAB_FAM_14_B2,No Amp,Clean,
g000071_FluAB_FAM_16_B4,No Amp,Clean,
g000071_FluAB_FAM_17_B5,No Amp,Clean,
g000071_FluAB_FAM_18_B6,No Amp,Problem-light,Bubble
g000071_FluAB_FAM_20_B8,No Amp,Problem-light,Noisy Baseline
g000071_FluAB_FAM_29_C5,No Amp,Clean,
g000071_FluAB_FAM_30_C6,No Amp,Problem-light,Noisy Baseline
g000071_FluAB_FAM_31_C7,No Amp,Problem-light,Bubble
g000071_FluAB_FAM_32_C8,No Amp,Clean,
g000071_FluAB_FAM_33_C9,No Amp,Clean,
g000071_FluAB_FAM_34_C10,No Amp,Problem-light,Bubble
g000071_FluAB_FAM_40_D4,No Amp,Clean,
g000071_FluAB_FAM_42_D6,No Amp,Clean,
g000071_FluAB_FAM_43_D7,No Amp,Problem-light,Noisy Baseline
g000071_FluAB_FAM_54_E6,No Amp,Clean,
g000071_FluAB_FAM_56_E8,No Amp,Problem-light,Noisy Baseline
g000071_FluAB_FAM_76_G4,No Amp,Problem-light,Noisy Baseline
g000071_FluAB_FAM_85_H1,No Amp,Clean,
g000071_MS2_JUN_85_H1,No Amp,Clean,
g000072_FluAB_FAM_7_A7,No Amp,Clean,
g000072_FluAB_FAM_8_A8,No Amp,Clean,
g000072_FluAB_FAM_10_A10,No Amp,Clean,
g000072_RSVAB_ABY_20_B8,No Amp,Clean,
g000072_FluAB_FAM_20_B8,No Amp,Clean,
g000072_FluAB_FAM_23_B11,No Amp,Clean,
g000072_FluAB_FAM_28_C4,No Amp,Clean,
g000072_FluAB_FAM_29_C5,No Amp,Problem-light,Noisy Baseline
g000072_FluAB_FAM_30_C6,No Amp,Clean,
g000072_FluAB_FAM_33_C9,No Amp,Clean,
g000072_FluAB_FAM_35_C11,No Amp,Problem-light,Noisy Baseline
g000072_FluAB_FAM_37_D1,No Amp,Clean,
g000072_FluAB_FAM_39_D3,No Amp,Problem-light,Bubble
g000072_FluAB_FAM_40_D4,No Amp,Problem-light,Noisy Baseline
g000072_FluAB_FAM_41_D5,No Amp,Clean,
g000072_FluAB_FAM_43_D7,No Amp,Clean,
g000072_FluAB_FAM_44_D8,No Amp,Clean,
g000072_FluAB_FAM_45_D9,No Amp,Problem-light,Noisy Baseline
g000072_FluAB_FAM_48_D12,No Amp,Clean,
g000072_FluAB_FAM_50_E2,No Amp,Problem-light,Noisy Baseline
g000072_FluAB_FAM_51_E3,No Amp,Problem-light,Bubble
g000072_FluAB_FAM_52_E4,No Amp,Clean,
g000072_FluAB_FAM_53_E5,No Amp,Problem-light,Noisy Baseline
g000072_C19_VIC_53_E5,No Amp,Clean,
g000072_FluAB_FAM_54_E6,No Amp,Clean,
g000072_C19_VIC_54_E6,No Amp,Clean,
g000072_FluAB_FAM_55_E7,No Amp,Clean,
g000072_C19_VIC_55_E7,No Amp,Clean,
g000072_FluAB_FAM_58_E10,No Amp,Problem-light,Noisy Baseline
g000072_FluAB_FAM_59_E11,No Amp,Problem-light,Noisy Baseline
g000072_FluAB_FAM_62_F2,No Amp,Problem-light,Noisy Baseline
g000072_FluAB_FAM_64_F4,No Amp,Clean,
g000072_C19_VIC_64_F4,No Amp,Clean,
g000072_FluAB_FAM_65_F5,No Amp,Clean,
g000072_C19_VIC_65_F5,No Amp,Clean,
g000072_FluAB_FAM_68_F8,No Amp,Clean,
g000072_C19_VIC_68_F8,No Amp,Clean,
g000072_FluAB_FAM_69_F9,No Amp,Clean,
g000072_FluAB_FAM_70_F10,No Amp,Problem-light,Noisy Baseline
g000072_FluAB_FAM_74_G2,No Amp,Problem-light,Noisy Baseline
g000072_C19_VIC_74_G2,No Amp,Clean,
g000072_RSVAB_ABY_85_H1,No Amp,Clean,
g000072_FluAB_FAM_85_H1,No Amp,Clean,
g000072_C19_VIC_85_H1,No Amp,Clean,
g000073_C19_VIC_6_A6,No Amp,Clean,
g000073_C19_VIC_50_E2,No Amp,Clean,
